<?xml version='1.0' encoding='UTF-8'?>
<osm version='0.6' generator='JOSM'>
  <node id='-25511' action='modify' visible='true' lat='-37.91002960176' lon='145.13585027173' />
  <node id='-25512' action='modify' visible='true' lat='-37.90914211503' lon='145.1358787702' />
  <node id='-25513' action='modify' visible='true' lat='-37.90912809504' lon='145.13584457204' />
  <node id='-25514' action='modify' visible='true' lat='-37.91002484031' lon='145.1358184205' />
  <node id='-25516' action='modify' visible='true' lat='-37.91003198248' lon='145.13588681683' />
  <node id='-25517' action='modify' visible='true' lat='-37.90915163805' lon='145.13591095671' />
  <node id='-25518' action='modify' visible='true' lat='-37.90918338142' lon='145.13602360949' />
  <node id='-25519' action='modify' visible='true' lat='-37.91004785398' lon='145.13599946961' />
  <node id='-25523' action='modify' visible='true' lat='-37.90922464778' lon='145.13609737024' />
  <node id='-25524' action='modify' visible='true' lat='-37.91005526068' lon='145.13606920704' />
  <node id='-25525' action='modify' visible='true' lat='-37.91007060365' lon='145.13618118994' />
  <node id='-25526' action='modify' visible='true' lat='-37.90934315671' lon='145.13620532982' />
  <node id='-25527' action='modify' visible='true' lat='-37.90921988681' lon='145.13610340588' />
  <node id='-25529' action='modify' visible='true' lat='-37.90974788262' lon='145.13626366787' />
  <node id='-25530' action='modify' visible='true' lat='-37.91007695225' lon='145.13625092737' />
  <node id='-25531' action='modify' visible='true' lat='-37.91009335278' lon='145.13636492126' />
  <node id='-25532' action='modify' visible='true' lat='-37.90975211504' lon='145.13637565009' />
  <node id='-25533' action='modify' visible='true' lat='-37.90975211504' lon='145.13644806974' />
  <node id='-25534' action='modify' visible='true' lat='-37.91015101916' lon='145.13643465869' />
  <node id='-25535' action='modify' visible='true' lat='-37.91015049011' lon='145.1364219182' />
  <node id='-25536' action='modify' visible='true' lat='-37.9101578968' lon='145.13641990654' />
  <node id='-25537' action='modify' visible='true' lat='-37.91006848745' lon='145.13570375673' />
  <node id='-25538' action='modify' visible='true' lat='-37.91011504381' lon='145.13569503956' />
  <node id='-25539' action='modify' visible='true' lat='-37.91016847778' lon='145.13569503956' />
  <node id='-25540' action='modify' visible='true' lat='-37.91000976291' lon='145.13570979171' />
  <node id='-25541' action='modify' visible='true' lat='-37.90962672961' lon='145.13668209247' />
  <node id='-25542' action='modify' visible='true' lat='-37.90962355529' lon='145.13662107222' />
  <node id='-25543' action='modify' visible='true' lat='-37.9096256715' lon='145.13659827344' />
  <node id='-25544' action='modify' visible='true' lat='-37.9096346654' lon='145.13657346301' />
  <node id='-25545' action='modify' visible='true' lat='-37.90964524646' lon='145.13655602865' />
  <node id='-25546' action='modify' visible='true' lat='-37.90965953088' lon='145.13652317159' />
  <node id='-25548' action='modify' visible='true' lat='-37.90966746667' lon='145.13649702005' />
  <node id='-25549' action='modify' visible='true' lat='-37.90967064099' lon='145.1364809268' />
  <node id='-25550' action='modify' visible='true' lat='-37.90967169909' lon='145.13645343415' />
  <node id='-25551' action='modify' visible='true' lat='-37.90967011193' lon='145.13628646664' />
  <node id='-25552' action='modify' visible='true' lat='-37.90969339024' lon='145.13649467312' />
  <node id='-25553' action='modify' visible='true' lat='-37.90970397129' lon='145.13642124765' />
  <node id='-25554' action='modify' visible='true' lat='-37.90970397129' lon='145.13628244333' />
  <node id='-25556' action='modify' visible='true' lat='-37.90969074498' lon='145.13628311388' />
  <node id='-25582' action='modify' visible='true' lat='-37.90965741494' lon='145.13667505201' />
  <node id='-25584' action='modify' visible='true' lat='-37.90965476967' lon='145.13665560599' />
  <node id='-25585' action='modify' visible='true' lat='-37.90965344704' lon='145.13663314249' />
  <node id='-25586' action='modify' visible='true' lat='-37.90965450515' lon='145.13661637869' />
  <node id='-25587' action='modify' visible='true' lat='-37.90965820851' lon='145.13659894433' />
  <node id='-25588' action='modify' visible='true' lat='-37.90966482167' lon='145.13657949831' />
  <node id='-25589' action='modify' visible='true' lat='-37.90966905409' lon='145.13657078113' />
  <node id='-25590' action='modify' visible='true' lat='-37.90968386756' lon='145.13654965874' />
  <node id='-25591' action='modify' visible='true' lat='-37.90969471314' lon='145.13653725352' />
  <node id='-25592' action='modify' visible='true' lat='-37.90970793945' lon='145.13652082499' />
  <node id='-25593' action='modify' visible='true' lat='-37.90971799144' lon='145.13650272008' />
  <node id='-25594' action='modify' visible='true' lat='-37.90972486912' lon='145.13648327406' />
  <node id='-25595' action='modify' visible='true' lat='-37.90972804343' lon='145.13647086885' />
  <node id='-25596' action='modify' visible='true' lat='-37.90972857249' lon='145.13644337621' />
  <node id='-25597' action='modify' visible='true' lat='-37.90972777891' lon='145.13628445532' />
  <node id='-25598' action='modify' visible='true' lat='-37.90972910154' lon='145.13627573814' />
  <node id='-25599' action='modify' visible='true' lat='-37.90973306943' lon='145.1362693679' />
  <node id='-25600' action='modify' visible='true' lat='-37.90973703732' lon='145.13626668569' />
  <node id='-25601' action='modify' visible='true' lat='-37.90974153426' lon='145.13626400348' />
  <node id='-25602' action='modify' visible='true' lat='-37.90965635683' lon='145.13629049029' />
  <node id='-25603' action='modify' visible='true' lat='-37.90965900209' lon='145.13648025658' />
  <node id='-25604' action='modify' visible='true' lat='-37.90965344704' lon='145.13651043143' />
  <node id='-25605' action='modify' visible='true' lat='-37.90964630483' lon='145.13652954217' />
  <node id='-25606' action='modify' visible='true' lat='-37.90963731093' lon='145.13654831763' />
  <node id='-25607' action='modify' visible='true' lat='-37.9096269944' lon='145.13656776365' />
  <node id='-25608' action='modify' visible='true' lat='-37.90961773597' lon='145.13659022715' />
  <node id='-25609' action='modify' visible='true' lat='-37.90961456166' lon='145.13660967316' />
  <node id='-25612' action='modify' visible='true' lat='-37.90961350355' lon='145.13663884219' />
  <node id='-25613' action='modify' visible='true' lat='-37.90961535524' lon='145.13667471673' />
  <node id='-25614' action='modify' visible='true' lat='-37.90961641334' lon='145.13668913361' />
  <node id='-25617' action='modify' visible='true' lat='-37.9096219684' lon='145.13668980416' />
  <node id='-25618' action='modify' visible='true' lat='-37.90962672987' lon='145.1366877925' />
  <node id='-25619' action='modify' visible='true' lat='-37.90965635683' lon='145.13628244366' />
  <node id='-25620' action='modify' visible='true' lat='-37.90967037673' lon='145.13628177311' />
  <node id='-25621' action='modify' visible='true' lat='-37.91005050002' lon='145.13603266295' />
  <node id='-25622' action='modify' visible='true' lat='-37.9092040154' lon='145.1360628378' />
  <node id='-25623' action='modify' visible='true' lat='-37.90906751884' lon='145.13574097272' />
  <node id='-25624' action='modify' visible='true' lat='-37.90918549844' lon='145.1361148056' />
  <node id='-25625' action='modify' visible='true' lat='-37.90934024717' lon='145.13624187525' />
  <node id='-25626' action='modify' visible='true' lat='-37.91007351369' lon='145.13621639427' />
  <node id='-25628' action='modify' visible='true' lat='-37.91003886093' lon='145.135706104' />
  <node id='-25629' action='modify' visible='true' lat='-37.91012086362' lon='145.13636022773' />
  <node id='-25683' action='modify' visible='true' lat='-37.90903577515' lon='145.13573326103' />
  <node id='-25684' action='modify' visible='true' lat='-37.90915745819' lon='145.13613894515' />
  <node id='-25685' action='modify' visible='true' lat='-37.90931405868' lon='145.13626836173' />
  <node id='-25686' action='modify' visible='true' lat='-37.90934156955' lon='145.13627707891' />
  <node id='-25687' action='modify' visible='true' lat='-37.90958493442' lon='145.13626903228' />
  <node id='-25688' action='modify' visible='true' lat='-37.90958453803' lon='145.13627272082' />
  <node id='-25689' action='modify' visible='true' lat='-37.90960953565' lon='145.13627171483' />
  <node id='-25690' action='modify' visible='true' lat='-37.90961879408' lon='145.13627674397' />
  <node id='-25691' action='modify' visible='true' lat='-37.90962593629' lon='145.13628445532' />
  <node id='-25692' action='modify' visible='true' lat='-37.90963307851' lon='145.13629786637' />
  <node id='-25693' action='modify' visible='true' lat='-37.90963413661' lon='145.13630222496' />
  <node id='-25694' action='modify' visible='true' lat='-37.90963678188' lon='145.13647824492' />
  <node id='-25695' action='modify' visible='true' lat='-37.90963307851' lon='145.13649836149' />
  <node id='-25696' action='modify' visible='true' lat='-37.90962858156' lon='145.13651177254' />
  <node id='-25699' action='modify' visible='true' lat='-37.90961244544' lon='145.13654429432' />
  <node id='-25700' action='modify' visible='true' lat='-37.90960212891' lon='145.13656642254' />
  <node id='-25701' action='modify' visible='true' lat='-37.9095960448' lon='145.13658150997' />
  <node id='-25702' action='modify' visible='true' lat='-37.90959445764' lon='145.13660263237' />
  <node id='-25703' action='modify' visible='true' lat='-37.90959419311' lon='145.13662375476' />
  <node id='-25704' action='modify' visible='true' lat='-37.90959445764' lon='145.13665493544' />
  <node id='-25705' action='modify' visible='true' lat='-37.90959472217' lon='145.13668008115' />
  <node id='-25706' action='modify' visible='true' lat='-37.90959525122' lon='145.13669550385' />
  <node id='-25707' action='modify' visible='true' lat='-37.90975211504' lon='145.13641051915' />
  <node id='-25708' action='modify' visible='true' lat='-37.91009679187' lon='145.13640012559' />
  <node id='-25709' action='modify' visible='true' lat='-37.90909529432' lon='145.13574063744' />
  <node id='-25718' action='modify' visible='true' lat='-37.91033565655' lon='145.13663381204' />
  <node id='-25719' action='modify' visible='true' lat='-37.91014731529' lon='145.13505264983' />
  <node id='-25720' action='modify' visible='true' lat='-37.91015366388' lon='145.13490781054' />
  <node id='-25721' action='modify' visible='true' lat='-37.91018540682' lon='145.13476833567' />
  <node id='-25722' action='modify' visible='true' lat='-37.91021503355' lon='145.13467579946' />
  <node id='-25723' action='modify' visible='true' lat='-37.91027534507' lon='145.13455375895' />
  <node id='-25724' action='modify' visible='true' lat='-37.91031766892' lon='145.13448133931' />
  <node id='-25725' action='modify' visible='true' lat='-37.91046686028' lon='145.13434052333' />
  <node id='-25726' action='modify' visible='true' lat='-37.91053140397' lon='145.13429358467' />
  <node id='-25727' action='modify' visible='true' lat='-37.91070916334' lon='145.13423189387' />
  <node id='-25728' action='modify' visible='true' lat='-37.91079169433' lon='145.13422652945' />
  <node id='-25729' action='modify' visible='true' lat='-37.91089327081' lon='145.13423189387' />
  <node id='-25730' action='modify' visible='true' lat='-37.91099907949' lon='145.13424396381' />
  <node id='-25731' action='modify' visible='true' lat='-37.91109007484' lon='145.13423994049' />
  <node id='-25732' action='modify' visible='true' lat='-37.91118636049' lon='145.13420909509' />
  <node id='-25733' action='modify' visible='true' lat='-37.91127100711' lon='145.13417556748' />
  <node id='-25734' action='modify' visible='true' lat='-37.91154187564' lon='145.13629048929' />
  <node id='-25735' action='modify' visible='true' lat='-37.91157573413' lon='145.13628780708' />
  <node id='-25736' action='modify' visible='true' lat='-37.91130380765' lon='145.13416349754' />
  <node id='-25737' action='modify' visible='true' lat='-37.91151330752' lon='145.13408034906' />
  <node id='-25738' action='modify' visible='true' lat='-37.91206879672' lon='145.13386174902' />
  <node id='-25739' action='modify' visible='true' lat='-37.91218835861' lon='145.13436734542' />
  <node id='-25740' action='modify' visible='true' lat='-37.91219999736' lon='145.13437673315' />
  <node id='-25741' action='modify' visible='true' lat='-37.91221269419' lon='145.13437270984' />
  <node id='-25742' action='modify' visible='true' lat='-37.91222010067' lon='145.1343592988' />
  <node id='-25743' action='modify' visible='true' lat='-37.91221798453' lon='145.13433515891' />
  <node id='-25744' action='modify' visible='true' lat='-37.91210265497' lon='145.1338537024' />
  <node id='-25745' action='modify' visible='true' lat='-37.9123079203' lon='145.13377725944' />
  <node id='-25746' action='modify' visible='true' lat='-37.91231850097' lon='145.13375848398' />
  <node id='-25747' action='modify' visible='true' lat='-37.9126020624' lon='145.13494804367' />
  <node id='-25748' action='modify' visible='true' lat='-37.91261370109' lon='145.13495877251' />
  <node id='-25749' action='modify' visible='true' lat='-37.91263592041' lon='145.13495340809' />
  <node id='-25750' action='modify' visible='true' lat='-37.91280944246' lon='145.13488501176' />
  <node id='-25751' action='modify' visible='true' lat='-37.91293958372' lon='145.13488769397' />
  <node id='-25754' action='modify' visible='true' lat='-37.91292688703' lon='145.13484746084' />
  <node id='-25755' action='modify' visible='true' lat='-37.91281050052' lon='145.13484209642' />
  <node id='-25756' action='modify' visible='true' lat='-37.91262957203' lon='145.13490781054' />
  <node id='-25757' action='modify' visible='true' lat='-37.91233966231' lon='145.13369813427' />
  <node id='-25758' action='modify' visible='true' lat='-37.91235024298' lon='145.13367131218' />
  <node id='-25759' action='modify' visible='true' lat='-37.91293111926' lon='145.1334393011' />
  <node id='-25760' action='modify' visible='true' lat='-37.91295333848' lon='145.13338163361' />
  <node id='-25761' action='modify' visible='true' lat='-37.91346861089' lon='145.13316437468' />
  <node id='-25762' action='modify' visible='true' lat='-37.91404313009' lon='145.13295248017' />
  <node id='-25763' action='modify' visible='true' lat='-37.91411507693' lon='145.1331415759' />
  <node id='-25764' action='modify' visible='true' lat='-37.91415951465' lon='145.1333186017' />
  <node id='-25765' action='modify' visible='true' lat='-37.91411507693' lon='145.13353720173' />
  <node id='-25766' action='modify' visible='true' lat='-37.9142187649' lon='145.13402670488' />
  <node id='-25767' action='modify' visible='true' lat='-37.91423251942' lon='145.13403743371' />
  <node id='-25768' action='modify' visible='true' lat='-37.91424627393' lon='145.1340334104' />
  <node id='-25769' action='modify' visible='true' lat='-37.91424944805' lon='145.13401999936' />
  <node id='-25770' action='modify' visible='true' lat='-37.91424733197' lon='145.13400658831' />
  <node id='-25771' action='modify' visible='true' lat='-37.91424415785' lon='145.13399317726' />
  <node id='-25772' action='modify' visible='true' lat='-37.91414893424' lon='145.13354256615' />
  <node id='-25773' action='modify' visible='true' lat='-37.9141923139' lon='145.13331726059' />
  <node id='-25774' action='modify' visible='true' lat='-37.91414681816' lon='145.13313084707' />
  <node id='-25775' action='modify' visible='true' lat='-37.91407698744' lon='145.13293906912' />
  <node id='-25776' action='modify' visible='true' lat='-37.91441661807' lon='145.13279825315' />
  <node id='-25777' action='modify' visible='true' lat='-37.91506730788' lon='145.13260915741' />
  <node id='-25778' action='modify' visible='true' lat='-37.9150757721' lon='145.13259708747' />
  <node id='-25781' action='modify' visible='true' lat='-37.91506624986' lon='145.13257160649' />
  <node id='-25782' action='modify' visible='true' lat='-37.91504826339' lon='145.13256758317' />
  <node id='-25783' action='modify' visible='true' lat='-37.91458696181' lon='145.13270974025' />
  <node id='-25784' action='modify' visible='true' lat='-37.91455839488' lon='145.13246968254' />
  <node id='-25785' action='modify' visible='true' lat='-37.91440497966' lon='145.13207137451' />
  <node id='-25786' action='modify' visible='true' lat='-37.91439334125' lon='145.13202443585' />
  <node id='-25787' action='modify' visible='true' lat='-37.9149742014' lon='145.13191446528' />
  <node id='-25788' action='modify' visible='true' lat='-37.91498054957' lon='145.13189837202' />
  <node id='-25789' action='modify' visible='true' lat='-37.91497737549' lon='145.13188227877' />
  <node id='-25790' action='modify' visible='true' lat='-37.91496891126' lon='145.13187423214' />
  <node id='-25791' action='modify' visible='true' lat='-37.91495092476' lon='145.13187557325' />
  <node id='-25792' action='modify' visible='true' lat='-37.91439334125' lon='145.1319815205' />
  <node id='-25793' action='modify' visible='true' lat='-37.91432245272' lon='145.13197481498' />
  <node id='-25794' action='modify' visible='true' lat='-37.9137003236' lon='145.13209149107' />
  <node id='-25795' action='modify' visible='true' lat='-37.91368445289' lon='145.13202309474' />
  <node id='-25796' action='modify' visible='true' lat='-37.91369291727' lon='145.13213842973' />
  <node id='-25797' action='modify' visible='true' lat='-37.91432562684' lon='145.13201907143' />
  <node id='-25798' action='modify' visible='true' lat='-37.9143552519' lon='145.13202041253' />
  <node id='-25799' action='modify' visible='true' lat='-37.9143891091' lon='145.13213842973' />
  <node id='-25800' action='modify' visible='true' lat='-37.91452347972' lon='145.13247102365' />
  <node id='-25801' action='modify' visible='true' lat='-37.91455098863' lon='145.13272181019' />
  <node id='-25802' action='modify' visible='true' lat='-37.91441238592' lon='145.1327539967' />
  <node id='-25803' action='modify' visible='true' lat='-37.91405159443' lon='145.1329042004' />
  <node id='-25804' action='modify' visible='true' lat='-37.91392145513' lon='145.13279154763' />
  <node id='-25805' action='modify' visible='true' lat='-37.91390558447' lon='145.132783501' />
  <node id='-25806' action='modify' visible='true' lat='-37.91389500403' lon='145.13279020652' />
  <node id='-25807' action='modify' visible='true' lat='-37.91389182989' lon='145.13280629978' />
  <node id='-25808' action='modify' visible='true' lat='-37.91390135229' lon='145.13282239303' />
  <node id='-25809' action='modify' visible='true' lat='-37.91391933904' lon='145.13283714518' />
  <node id='-25810' action='modify' visible='true' lat='-37.91401033077' lon='145.13292163476' />
  <node id='-25811' action='modify' visible='true' lat='-37.9134188825' lon='145.13313889369' />
  <node id='-25812' action='modify' visible='true' lat='-37.91322314276' lon='145.13231679663' />
  <node id='-25813' action='modify' visible='true' lat='-37.91330567093' lon='145.13222291932' />
  <node id='-25814' action='modify' visible='true' lat='-37.91333952862' lon='145.13221621379' />
  <node id='-25815' action='modify' visible='true' lat='-37.91333529641' lon='145.13217463955' />
  <node id='-25816' action='modify' visible='true' lat='-37.91328768403' lon='145.1321893917' />
  <node id='-25817' action='modify' visible='true' lat='-37.91319245919' lon='145.13229399785' />
  <node id='-25818' action='modify' visible='true' lat='-37.91308665366' lon='145.13245090708' />
  <node id='-25819' action='modify' visible='true' lat='-37.91301364776' lon='145.13269767031' />
  <node id='-25820' action='modify' visible='true' lat='-37.91292477091' lon='145.1333494471' />
  <node id='-25821' action='modify' visible='true' lat='-37.91290890003' lon='145.13340040907' />
  <node id='-25822' action='modify' visible='true' lat='-37.91233225584' lon='145.13363242015' />
  <node id='-25823' action='modify' visible='true' lat='-37.91230368803' lon='145.13369679317' />
  <node id='-25824' action='modify' visible='true' lat='-37.91228781702' lon='145.1337343441' />
  <node id='-25825' action='modify' visible='true' lat='-37.91182438199' lon='145.1339140521' />
  <node id='-25826' action='modify' visible='true' lat='-37.91150590097' lon='145.13403609261' />
  <node id='-25827' action='modify' visible='true' lat='-37.91129745915' lon='145.13412058219' />
  <node id='-25828' action='modify' visible='true' lat='-37.9112106964' lon='145.13345539436' />
  <node id='-25829' action='modify' visible='true' lat='-37.9111789539' lon='145.1334688054' />
  <node id='-25830' action='modify' visible='true' lat='-37.91126360053' lon='145.13413265213' />
  <node id='-25832' action='modify' visible='true' lat='-37.9111853024' lon='145.13416752085' />
  <node id='-25833' action='modify' visible='true' lat='-37.91108161016' lon='145.13419434294' />
  <node id='-25835' action='modify' visible='true' lat='-37.91102658972' lon='145.13420104846' />
  <node id='-25836' action='modify' visible='true' lat='-37.91095887221' lon='145.13419836625' />
  <node id='-25837' action='modify' visible='true' lat='-37.91087210906' lon='145.13418763742' />
  <node id='-25838' action='modify' visible='true' lat='-37.9107652421' lon='145.13418495521' />
  <node id='-25839' action='modify' visible='true' lat='-37.9106689559' lon='145.13419970736' />
  <node id='-25840' action='modify' visible='true' lat='-37.91056420484' lon='145.13423591718' />
  <node id='-25841' action='modify' visible='true' lat='-37.9105113002' lon='145.13425871596' />
  <node id='-25842' action='modify' visible='true' lat='-37.91044464031' lon='145.13430565462' />
  <node id='-25843' action='modify' visible='true' lat='-37.91030179748' lon='145.13444110617' />
  <node id='-25844' action='modify' visible='true' lat='-37.91026053172' lon='145.1345081614' />
  <node id='-25845' action='modify' visible='true' lat='-37.91022349833' lon='145.13457789883' />
  <node id='-25846' action='modify' visible='true' lat='-37.91017588394' lon='145.13469055161' />
  <node id='-25847' action='modify' visible='true' lat='-37.91013567621' lon='145.13481527433' />
  <node id='-25848' action='modify' visible='true' lat='-37.90948282655' lon='145.13483270869' />
  <node id='-25849' action='modify' visible='true' lat='-37.90941510762' lon='145.13239860401' />
  <node id='-25850' action='modify' visible='true' lat='-37.9096500074' lon='145.13238519296' />
  <node id='-25851' action='modify' visible='true' lat='-37.90965900209' lon='145.13237748262' />
  <node id='-25852' action='modify' visible='true' lat='-37.90965794399' lon='145.13236876544' />
  <node id='-25853' action='modify' visible='true' lat='-37.90965424062' lon='145.13236071881' />
  <node id='-25854' action='modify' visible='true' lat='-37.9096460403' lon='145.1323593777' />
  <node id='-25855' action='modify' visible='true' lat='-37.90941087518' lon='145.13237044081' />
  <node id='-25856' action='modify' visible='true' lat='-37.90897704926' lon='145.13240530953' />
  <node id='-25857' action='modify' visible='true' lat='-37.90892414348' lon='145.13247102365' />
  <node id='-25858' action='modify' visible='true' lat='-37.90892731783' lon='145.13263866171' />
  <node id='-25859' action='modify' visible='true' lat='-37.90841201361' lon='145.13273388013' />
  <node id='-25860' action='modify' visible='true' lat='-37.9083945551' lon='145.13274259798' />
  <node id='-25861' action='modify' visible='true' lat='-37.90838027043' lon='145.13275198571' />
  <node id='-25862' action='modify' visible='true' lat='-37.9083654567' lon='145.13276271455' />
  <node id='-25863' action='modify' visible='true' lat='-37.90835434639' lon='145.13277478449' />
  <node id='-25864' action='modify' visible='true' lat='-37.9083347711' lon='145.13279825382' />
  <node id='-25865' action='modify' visible='true' lat='-37.90832577704' lon='145.13281367652' />
  <node id='-25866' action='modify' visible='true' lat='-37.90831413767' lon='145.13283915751' />
  <node id='-25867' action='modify' visible='true' lat='-37.90830937611' lon='145.13285659187' />
  <node id='-25868' action='modify' visible='true' lat='-37.90830302736' lon='145.13289213113' />
  <node id='-25869' action='modify' visible='true' lat='-37.90829879486' lon='145.13292364709' />
  <node id='-25870' action='modify' visible='true' lat='-37.90829562048' lon='145.13308055632' />
  <node id='-25871' action='modify' visible='true' lat='-37.90828927173' lon='145.13311475448' />
  <node id='-25872' action='modify' visible='true' lat='-37.90828345205' lon='145.13314023547' />
  <node id='-25873' action='modify' visible='true' lat='-37.90827181267' lon='145.13316973977' />
  <node id='-25874' action='modify' visible='true' lat='-37.90825646985' lon='145.13319387965' />
  <node id='-25875' action='modify' visible='true' lat='-37.90824324328' lon='145.13320259683' />
  <node id='-25876' action='modify' visible='true' lat='-37.90822313889' lon='145.13321332566' />
  <node id='-25877' action='modify' visible='true' lat='-37.9081771104' lon='145.13322204284' />
  <node id='-25878' action='modify' visible='true' lat='-37.90769037053' lon='145.13332128458' />
  <node id='-25879' action='modify' visible='true' lat='-37.9076967188' lon='145.13336285815' />
  <node id='-25880' action='modify' visible='true' lat='-37.90823001618' lon='145.13325422868' />
  <node id='-25881' action='modify' visible='true' lat='-37.9082596437' lon='145.13324081764' />
  <node id='-25882' action='modify' visible='true' lat='-37.90827445745' lon='145.1332287477' />
  <node id='-25883' action='modify' visible='true' lat='-37.90836545617' lon='145.13330116734' />
  <node id='-25884' action='modify' visible='true' lat='-37.90843740856' lon='145.1334071146' />
  <node id='-25885' action='modify' visible='true' lat='-37.90845539665' lon='145.1334688054' />
  <node id='-25886' action='modify' visible='true' lat='-37.90846703599' lon='145.13393819198' />
  <node id='-25887' action='modify' visible='true' lat='-37.90846915224' lon='145.13396099076' />
  <node id='-25888' action='modify' visible='true' lat='-37.90860988239' lon='145.1345095025' />
  <node id='-25889' action='modify' visible='true' lat='-37.90865749779' lon='145.13464093074' />
  <node id='-25890' action='modify' visible='true' lat='-37.90869453197' lon='145.13469189271' />
  <node id='-25891' action='modify' visible='true' lat='-37.90874320544' lon='145.13472273812' />
  <node id='-25892' action='modify' visible='true' lat='-37.90877706522' lon='145.13472810254' />
  <node id='-25893' action='modify' visible='true' lat='-37.90904688482' lon='145.13471200928' />
  <node id='-25894' action='modify' visible='true' lat='-37.90929236689' lon='145.1348662363' />
  <node id='-25896' action='modify' visible='true' lat='-37.90932199398' lon='145.13487160072' />
  <node id='-25897' action='modify' visible='true' lat='-37.90934421429' lon='145.13487160072' />
  <node id='-25898' action='modify' visible='true' lat='-37.91012932761' lon='145.13486221299' />
  <node id='-25899' action='modify' visible='true' lat='-37.91011980473' lon='145.13489976391' />
  <node id='-25900' action='modify' visible='true' lat='-37.91011768853' lon='145.13493597373' />
  <node id='-25901' action='modify' visible='true' lat='-37.91011451423' lon='145.13500705227' />
  <node id='-25902' action='modify' visible='true' lat='-37.91011028184' lon='145.13504862651' />
  <node id='-25903' action='modify' visible='true' lat='-37.91017694203' lon='145.13562798366' />
  <node id='-25904' action='modify' visible='true' lat='-37.91018117443' lon='145.13568296894' />
  <node id='-25905' action='modify' visible='true' lat='-37.91030391367' lon='145.13663515314' />
  <node id='-25906' action='modify' visible='true' lat='-37.90938336435' lon='145.13240665063' />
  <node id='-25907' action='modify' visible='true' lat='-37.90899080475' lon='145.13244554266' />
  <node id='-25908' action='modify' visible='true' lat='-37.90895800318' lon='145.13248845801' />
  <node id='-25909' action='modify' visible='true' lat='-37.90896011941' lon='145.13266011938' />
  <node id='-25910' action='modify' visible='true' lat='-37.9089527126' lon='145.13267621264' />
  <node id='-25911' action='modify' visible='true' lat='-37.90841307173' lon='145.13277947769' />
  <node id='-25912' action='modify' visible='true' lat='-37.90838556052' lon='145.13279557094' />
  <node id='-25913' action='modify' visible='true' lat='-37.90836968866' lon='145.1328143464' />
  <node id='-25914' action='modify' visible='true' lat='-37.90836122367' lon='145.13283043966' />
  <node id='-25920' action='modify' visible='true' lat='-37.90834429369' lon='145.13285726175' />
  <node id='-25921' action='modify' visible='true' lat='-37.90833371244' lon='145.13290554151' />
  <node id='-25922' action='modify' visible='true' lat='-37.90833159619' lon='145.13306781515' />
  <node id='-25923' action='modify' visible='true' lat='-37.9083231312' lon='145.13313487038' />
  <node id='-25924' action='modify' visible='true' lat='-37.90831572433' lon='145.13315230474' />
  <node id='-25925' action='modify' visible='true' lat='-37.90830302683' lon='145.13319253787' />
  <node id='-25926' action='modify' visible='true' lat='-37.90837497928' lon='145.13325825199' />
  <node id='-25927' action='modify' visible='true' lat='-37.90839931612' lon='145.13328507408' />
  <node id='-25928' action='modify' visible='true' lat='-37.90845857101' lon='145.13337626919' />
  <node id='-25929' action='modify' visible='true' lat='-37.90847973346' lon='145.13342454895' />
  <node id='-25930' action='modify' visible='true' lat='-37.90849031468' lon='145.13347551093' />
  <node id='-25931' action='modify' visible='true' lat='-37.90850089591' lon='145.13394757971' />
  <node id='-25932' action='modify' visible='true' lat='-37.90864056787' lon='145.13449340925' />
  <node id='-25933' action='modify' visible='true' lat='-37.90868183454' lon='145.13461410865' />
  <node id='-25934' action='modify' visible='true' lat='-37.90871569435' lon='145.1346583651' />
  <node id='-25935' action='modify' visible='true' lat='-37.9087580191' lon='145.13467982277' />
  <node id='-25936' action='modify' visible='true' lat='-37.90879505323' lon='145.13468518719' />
  <node id='-25937' action='modify' visible='true' lat='-37.90891779479' lon='145.13468384609' />
  <node id='-25938' action='modify' visible='true' lat='-37.90903630368' lon='145.13467177615' />
  <node id='-25939' action='modify' visible='true' lat='-37.90907016333' lon='145.13467848167' />
  <node id='-25940' action='modify' visible='true' lat='-37.90929765744' lon='145.13482332096' />
  <node id='-25941' action='modify' visible='true' lat='-37.90932940075' lon='145.13482868537' />
  <node id='-25942' action='modify' visible='true' lat='-37.90945108331' lon='145.13483404979' />
  <node id='-25943' action='modify' visible='true' lat='-37.90960874128' lon='145.13682424888' />
  <node id='-25944' action='modify' visible='true' lat='-37.9089453058' lon='145.13696104154' />
  <node id='-25945' action='modify' visible='true' lat='-37.90967116951' lon='145.13681486115' />
  <node id='-25946' action='modify' visible='true' lat='-37.90964789119' lon='145.13681687281' />
  <node id='-25947' action='modify' visible='true' lat='-37.90962778719' lon='145.13682022557' />
  <node id='-25948' action='modify' visible='true' lat='-37.91029333271' lon='145.13669282064' />
  <node id='-25949' action='modify' visible='true' lat='-37.91319986557' lon='145.13235702977' />
  <node id='-25950' action='modify' visible='true' lat='-37.91311416311' lon='145.13247907028' />
  <node id='-25951' action='modify' visible='true' lat='-37.91304962169' lon='145.13270035252' />
  <node id='-25952' action='modify' visible='true' lat='-37.91296074488' lon='145.13333469495' />
  <node id='-25953' action='modify' visible='true' lat='-37.91338819901' lon='145.13315230474' />
  <node id='-25954' action='modify' visible='true' lat='-37.91332259978' lon='145.13183668122' />
  <node id='-25955' action='modify' visible='true' lat='-37.91328239376' lon='145.13150006399' />
  <node id='-25956' action='modify' visible='true' lat='-37.91322208471' lon='145.13138338789' />
  <node id='-25957' action='modify' visible='true' lat='-37.91284012619' lon='145.13148531184' />
  <node id='-25958' action='modify' visible='true' lat='-37.912561856' lon='145.13163149223' />
  <node id='-25959' action='modify' visible='true' lat='-37.91228993315' lon='145.13166770205' />
  <node id='-25960' action='modify' visible='true' lat='-37.91226030726' lon='145.13179108366' />
  <node id='-25961' action='modify' visible='true' lat='-37.91224020397' lon='145.13191446528' />
  <node id='-25962' action='modify' visible='true' lat='-37.912133339' lon='145.13243615493' />
  <node id='-25963' action='modify' visible='true' lat='-37.91213545514' lon='145.13246700034' />
  <node id='-25964' action='modify' visible='true' lat='-37.91239573983' lon='145.13358950481' />
  <node id='-25965' action='modify' visible='true' lat='-37.91232379131' lon='145.13361900911' />
  <node id='-25966' action='modify' visible='true' lat='-37.91232564372' lon='145.1336374503' />
  <node id='-25967' action='modify' visible='true' lat='-37.91289197109' lon='145.12919470534' />
  <node id='-25968' action='modify' visible='true' lat='-37.91305597003' lon='145.13057201967' />
  <node id='-25969' action='modify' visible='true' lat='-37.91318611086' lon='145.13128548726' />
  <node id='-25970' action='modify' visible='true' lat='-37.91320833' lon='145.13134986028' />
  <node id='-25971' action='modify' visible='true' lat='-37.91283271977' lon='145.1314437376' />
  <node id='-25972' action='modify' visible='true' lat='-37.91267401065' lon='145.1315335916' />
  <node id='-25973' action='modify' visible='true' lat='-37.91255444955' lon='145.13159125909' />
  <node id='-25974' action='modify' visible='true' lat='-37.91226348146' lon='145.13163015112' />
  <node id='-25975' action='modify' visible='true' lat='-37.91225395885' lon='145.131654291' />
  <node id='-25976' action='modify' visible='true' lat='-37.91209630655' lon='145.13246029481' />
  <node id='-25977' action='modify' visible='true' lat='-37.9123142687' lon='145.13342052564' />
  <node id='-25978' action='modify' visible='true' lat='-37.9122391459' lon='145.13345137104' />
  <node id='-25980' action='modify' visible='true' lat='-37.91315965949' lon='145.1307611154' />
  <node id='-25981' action='modify' visible='true' lat='-37.91315754338' lon='145.13085365161' />
  <node id='-25982' action='modify' visible='true' lat='-37.9131966914' lon='145.13111114368' />
  <node id='-25983' action='modify' visible='true' lat='-37.91320939249' lon='145.13115324343' />
  <node id='-25984' action='modify' visible='true' lat='-37.91325805854' lon='145.13133779034' />
  <node id='-25985' action='modify' visible='true' lat='-37.91324324579' lon='145.13134181365' />
  <node id='-25986' action='modify' visible='true' lat='-37.91322631692' lon='145.13130426273' />
  <node id='-25987' action='modify' visible='true' lat='-37.91319245919' lon='145.13114467129' />
  <node id='-25988' action='modify' visible='true' lat='-37.91309406005' lon='145.1305827485' />
  <node id='-25989' action='modify' visible='true' lat='-37.91307818921' lon='145.13042986259' />
  <node id='-25990' action='modify' visible='true' lat='-37.9128866808' lon='145.1288554059' />
  <node id='-25991' action='modify' visible='true' lat='-37.91285176485' lon='145.12868910894' />
  <node id='-25992' action='modify' visible='true' lat='-37.91279462962' lon='145.12858584389' />
  <node id='-25993' action='modify' visible='true' lat='-37.91277875871' lon='145.12862473592' />
  <node id='-25994' action='modify' visible='true' lat='-37.91281790694' lon='145.1287065433' />
  <node id='-25995' action='modify' visible='true' lat='-37.91285282291' lon='145.1288554059' />
  <node id='-25996' action='modify' visible='true' lat='-37.9128866808' lon='145.12914508447' />
  <node id='-25997' action='modify' visible='true' lat='-37.91227617828' lon='145.12926041946' />
  <node id='-25998' action='modify' visible='true' lat='-37.91226136533' lon='145.12927114829' />
  <node id='-25999' action='modify' visible='true' lat='-37.91226030726' lon='145.12928992376' />
  <node id='-26000' action='modify' visible='true' lat='-37.91226771373' lon='145.1293019937' />
  <node id='-26001' action='modify' visible='true' lat='-37.91228570088' lon='145.1293033348' />
  <node id='-26002' action='modify' visible='true' lat='-37.91289091383' lon='145.12918900665' />
  <node id='-26003' action='modify' visible='true' lat='-37.91335857356' lon='145.13183936343' />
  <node id='-26004' action='modify' visible='true' lat='-37.91331413535' lon='145.13148128852' />
  <node id='-26005' action='modify' visible='true' lat='-37.91327392934' lon='145.13141155109' />
  <node id='-26006' action='modify' visible='true' lat='-37.9132792196' lon='145.13137668237' />
  <node id='-26007' action='modify' visible='true' lat='-37.9132792196' lon='145.13133376703' />
  <node id='-26008' action='modify' visible='true' lat='-37.91325382632' lon='145.13116747007' />
  <node id='-26009' action='modify' visible='true' lat='-37.9132950904' lon='145.13116210565' />
  <node id='-26010' action='modify' visible='true' lat='-37.91331625146' lon='145.13114064798' />
  <node id='-26011' action='modify' visible='true' lat='-37.91332894809' lon='145.13110041484' />
  <node id='-26012' action='modify' visible='true' lat='-37.91332471588' lon='145.13104140624' />
  <node id='-26013' action='modify' visible='true' lat='-37.91326758102' lon='145.13095423445' />
  <node id='-26014' action='modify' visible='true' lat='-37.9131945753' lon='145.13075038657' />
  <node id='-26015' action='modify' visible='true' lat='-37.91313955644' lon='145.13034805521' />
  <node id='-26016' action='modify' visible='true' lat='-37.91299671884' lon='145.12913972005' />
  <node id='-26017' action='modify' visible='true' lat='-37.9129702674' lon='145.12899085745' />
  <node id='-26018' action='modify' visible='true' lat='-37.91296709323' lon='145.12896269426' />
  <node id='-26019' action='modify' visible='true' lat='-37.9129702674' lon='145.12887820467' />
  <node id='-26020' action='modify' visible='true' lat='-37.91299671884' lon='145.12886747584' />
  <node id='-26021' action='modify' visible='true' lat='-37.91301682193' lon='145.12885272369' />
  <node id='-26022' action='modify' visible='true' lat='-37.91302846055' lon='145.12883126602' />
  <node id='-26023' action='modify' visible='true' lat='-37.9130348089' lon='145.12880310282' />
  <node id='-26025' action='modify' visible='true' lat='-37.91302634444' lon='145.12875079975' />
  <node id='-26026' action='modify' visible='true' lat='-37.91300729941' lon='145.12871861324' />
  <node id='-26027' action='modify' visible='true' lat='-37.91298719633' lon='145.1287065433' />
  <node id='-26028' action='modify' visible='true' lat='-37.91295757071' lon='145.12870117888' />
  <node id='-26029' action='modify' visible='true' lat='-37.91291630644' lon='145.12859657273' />
  <node id='-26030' action='modify' visible='true' lat='-37.91284964873' lon='145.12851074204' />
  <node id='-26031' action='modify' visible='true' lat='-37.91277346841' lon='145.12848794326' />
  <node id='-26032' action='modify' visible='true' lat='-37.91240526242' lon='145.12851878867' />
  <node id='-26033' action='modify' visible='true' lat='-37.91223808783' lon='145.12851878867' />
  <node id='-26034' action='modify' visible='true' lat='-37.90972724906' lon='145.1290042685' />
  <node id='-26035' action='modify' visible='true' lat='-37.90762159128' lon='145.12943610415' />
  <node id='-26036' action='modify' visible='true' lat='-37.90757291707' lon='145.12943610415' />
  <node id='-26037' action='modify' visible='true' lat='-37.90753164979' lon='145.1294508563' />
  <node id='-26038' action='modify' visible='true' lat='-37.90749567316' lon='145.12947231397' />
  <node id='-26039' action='modify' visible='true' lat='-37.9074565221' lon='145.12950718269' />
  <node id='-26040' action='modify' visible='true' lat='-37.90743006867' lon='145.12954875693' />
  <node id='-26041' action='modify' visible='true' lat='-37.9074141966' lon='145.12957692012' />
  <node id='-26042' action='modify' visible='true' lat='-37.90738456875' lon='145.12959837779' />
  <node id='-26043' action='modify' visible='true' lat='-37.90734647577' lon='145.12961715326' />
  <node id='-26044' action='modify' visible='true' lat='-37.90732108044' lon='145.12963458762' />
  <node id='-26045' action='modify' visible='true' lat='-37.90730415021' lon='145.12964665756' />
  <node id='-26046' action='modify' visible='true' lat='-37.90725865021' lon='145.12971103057' />
  <node id='-26047' action='modify' visible='true' lat='-37.90724066183' lon='145.12978479132' />
  <node id='-26048' action='modify' visible='true' lat='-37.90723537113' lon='145.12986257538' />
  <node id='-26049' action='modify' visible='true' lat='-37.90724277811' lon='145.12994304165' />
  <node id='-26050' action='modify' visible='true' lat='-37.90724383625' lon='145.13028636441' />
  <node id='-26051' action='modify' visible='true' lat='-37.90731578974' lon='145.13094484672' />
  <node id='-26052' action='modify' visible='true' lat='-37.90736340598' lon='145.13118088111' />
  <node id='-26053' action='modify' visible='true' lat='-37.90738774316' lon='145.13137668237' />
  <node id='-26054' action='modify' visible='true' lat='-37.90744276631' lon='145.13188496098' />
  <node id='-26055' action='modify' visible='true' lat='-37.90758138216' lon='145.1330812262' />
  <node id='-26056' action='modify' visible='true' lat='-37.90773057907' lon='145.1344209896' />
  <node id='-26057' action='modify' visible='true' lat='-37.90786496185' lon='145.1356092082' />
  <node id='-26058' action='modify' visible='true' lat='-37.90787554316' lon='145.13575270638' />
  <node id='-26059' action='modify' visible='true' lat='-37.90786601998' lon='145.13590291008' />
  <node id='-26060' action='modify' visible='true' lat='-37.90783745043' lon='145.13602897391' />
  <node id='-26061' action='modify' visible='true' lat='-37.90780782274' lon='145.13616576657' />
  <node id='-26062' action='modify' visible='true' lat='-37.90774856733' lon='145.13635620341' />
  <node id='-26063' action='modify' visible='true' lat='-37.90767661426' lon='145.13645276293' />
  <node id='-26064' action='modify' visible='true' lat='-37.90765862599' lon='145.13651177153' />
  <node id='-26065' action='modify' visible='true' lat='-37.90764592838' lon='145.13660296664' />
  <node id='-26066' action='modify' visible='true' lat='-37.90766497479' lon='145.13674646482' />
  <node id='-26067' action='modify' visible='true' lat='-37.90770730014' lon='145.13683229551' />
  <node id='-26068' action='modify' visible='true' lat='-37.90775809052' lon='145.13689130411' />
  <node id='-26069' action='modify' visible='true' lat='-37.90781099714' lon='145.13692885503' />
  <node id='-26070' action='modify' visible='true' lat='-37.90786284558' lon='145.1369503127' />
  <node id='-26071' action='modify' visible='true' lat='-37.90796548423' lon='145.13694494829' />
  <node id='-26072' action='modify' visible='true' lat='-37.90823319056' lon='145.13700395688' />
  <node id='-26073' action='modify' visible='true' lat='-37.90861411487' lon='145.13705625996' />
  <node id='-26074' action='modify' visible='true' lat='-37.90877600711' lon='145.13705089554' />
  <node id='-26075' action='modify' visible='true' lat='-37.90890403928' lon='145.13702675566' />
  <node id='-26076' action='modify' visible='true' lat='-37.9089527126' lon='145.13700395688' />
  <node id='-26077' action='modify' visible='true' lat='-37.91158419875' lon='145.1364728795' />
  <node id='-26078' action='modify' visible='true' lat='-37.91224549431' lon='145.1361751543' />
  <node id='-26079' action='modify' visible='true' lat='-37.91287080991' lon='145.13585328922' />
  <node id='-26080' action='modify' visible='true' lat='-37.91322314276' lon='145.13555690512' />
  <node id='-26081' action='modify' visible='true' lat='-37.9134146503' lon='145.13541340694' />
  <node id='-26082' action='modify' visible='true' lat='-37.91343263717' lon='145.1354026781' />
  <node id='-26083' action='modify' visible='true' lat='-37.91361250563' lon='145.13541072473' />
  <node id='-26084' action='modify' visible='true' lat='-37.91419125586' lon='145.13518810138' />
  <node id='-26085' action='modify' visible='true' lat='-37.9143891091' lon='145.13513713941' />
  <node id='-26086' action='modify' visible='true' lat='-37.91441873414' lon='145.13515859708' />
  <node id='-26087' action='modify' visible='true' lat='-37.91445788149' lon='145.13517200813' />
  <node id='-26088' action='modify' visible='true' lat='-37.9145139574' lon='145.13515993819' />
  <node id='-26089' action='modify' visible='true' lat='-37.91456156898' lon='145.13513177499' />
  <node id='-26090' action='modify' visible='true' lat='-37.91458272967' lon='145.13509824738' />
  <node id='-26091' action='modify' visible='true' lat='-37.91462293497' lon='145.13507678971' />
  <node id='-26092' action='modify' visible='true' lat='-37.91489379116' lon='145.13495072588' />
  <node id='-26093' action='modify' visible='true' lat='-37.91531276986' lon='145.13477235898' />
  <node id='-26094' action='modify' visible='true' lat='-37.91541539812' lon='145.13466507062' />
  <node id='-26095' action='modify' visible='true' lat='-37.91539000558' lon='145.13463690743' />
  <node id='-26096' action='modify' visible='true' lat='-37.91529478345' lon='145.13473480806' />
  <node id='-26097' action='modify' visible='true' lat='-37.91460706446' lon='145.13504192099' />
  <node id='-26098' action='modify' visible='true' lat='-37.91461235463' lon='145.1349855946' />
  <node id='-26099' action='modify' visible='true' lat='-37.9146081225' lon='145.13494267926' />
  <node id='-26100' action='modify' visible='true' lat='-37.91459542609' lon='145.13491585717' />
  <node id='-26101' action='modify' visible='true' lat='-37.91458484574' lon='145.13489171728' />
  <node id='-26102' action='modify' visible='true' lat='-37.91457849754' lon='145.13487562403' />
  <node id='-26103' action='modify' visible='true' lat='-37.91465361795' lon='145.13487294182' />
  <node id='-26104' action='modify' visible='true' lat='-37.91473931861' lon='145.13484209642' />
  <node id='-26105' action='modify' visible='true' lat='-37.91484512176' lon='145.13479381666' />
  <node id='-26106' action='modify' visible='true' lat='-37.91528314519' lon='145.13463154301' />
  <node id='-26107' action='modify' visible='true' lat='-37.91540375987' lon='145.13459265098' />
  <node id='-26112' action='modify' visible='true' lat='-37.91535932291' lon='145.13423457608' />
  <node id='-26113' action='modify' visible='true' lat='-37.91534345255' lon='145.13411521778' />
  <node id='-26114' action='modify' visible='true' lat='-37.91530218962' lon='145.1343297945' />
  <node id='-26115' action='modify' visible='true' lat='-37.9152492884' lon='145.13447597489' />
  <node id='-26116' action='modify' visible='true' lat='-37.91513713767' lon='145.13464763626' />
  <node id='-26117' action='modify' visible='true' lat='-37.91482396115' lon='145.13475358352' />
  <node id='-26118' action='modify' visible='true' lat='-37.91459225198' lon='145.13476431236' />
  <node id='-26119' action='modify' visible='true' lat='-37.914531944' lon='145.13474285468' />
  <node id='-26120' action='modify' visible='true' lat='-37.9144843324' lon='145.13469591603' />
  <node id='-26121' action='modify' visible='true' lat='-37.91438170284' lon='145.13448804483' />
  <node id='-26122' action='modify' visible='true' lat='-37.91435313583' lon='145.13423055276' />
  <node id='-26123' action='modify' visible='true' lat='-37.91429811784' lon='145.13376787171' />
  <node id='-26124' action='modify' visible='true' lat='-37.91431610449' lon='145.13365253672' />
  <node id='-26125' action='modify' visible='true' lat='-37.91432985899' lon='145.13357072935' />
  <node id='-26126' action='modify' visible='true' lat='-37.91431716253' lon='145.1335264729' />
  <node id='-26127' action='modify' visible='true' lat='-37.91429388568' lon='145.13350233302' />
  <node id='-26128' action='modify' visible='true' lat='-37.91424309981' lon='145.13350501522' />
  <node id='-26129' action='modify' visible='true' lat='-37.9142134747' lon='145.13353586063' />
  <node id='-26130' action='modify' visible='true' lat='-37.9142028943' lon='145.13356268272' />
  <node id='-26131' action='modify' visible='true' lat='-37.91420606842' lon='145.13360023364' />
  <node id='-26132' action='modify' visible='true' lat='-37.91422193902' lon='145.13366594777' />
  <node id='-26133' action='modify' visible='true' lat='-37.91426108648' lon='145.13376921281' />
  <node id='-26134' action='modify' visible='true' lat='-37.91435101975' lon='145.13450145587' />
  <node id='-26135' action='modify' visible='true' lat='-37.91436477424' lon='145.13486891851' />
  <node id='-26136' action='modify' visible='true' lat='-37.91434149741' lon='145.13491585717' />
  <node id='-26137' action='modify' visible='true' lat='-37.91356066123' lon='145.13522967562' />
  <node id='-26138' action='modify' visible='true' lat='-37.9134188825' lon='145.13536244497' />
  <node id='-26139' action='modify' visible='true' lat='-37.91285705514' lon='145.13581037387' />
  <node id='-26140' action='modify' visible='true' lat='-37.91272797179' lon='145.13588547572' />
  <node id='-26141' action='modify' visible='true' lat='-37.91270469444' lon='145.13589754567' />
  <node id='-26142' action='modify' visible='true' lat='-37.91241161081' lon='145.13604506716' />
  <node id='-26143' action='modify' visible='true' lat='-37.91237986884' lon='145.13606250152' />
  <node id='-26144' action='modify' visible='true' lat='-37.91160747646' lon='145.13640984759' />
  <node id='-26145' action='modify' visible='true' lat='-37.91153129485' lon='145.13643532857' />
  <node id='-26146' action='modify' visible='true' lat='-37.91103399632' lon='145.1365318881' />
  <node id='-26147' action='modify' visible='true' lat='-37.91040654892' lon='145.13666465744' />
  <node id='-26393' action='modify' visible='true' lat='-37.91296497712' lon='145.12917190656' />
  <node id='-26394' action='modify' visible='true' lat='-37.91292477144' lon='145.12897811763' />
  <node id='-26395' action='modify' visible='true' lat='-37.9129207931' lon='145.12913585456' />
  <node id='-26396' action='modify' visible='true' lat='-37.91292632111' lon='145.12918130227' />
  <node id='-26679' action='modify' visible='true' lat='-37.912961062' lon='145.12913013073' />
  <node id='-26680' action='modify' visible='true' lat='-37.9129333697' lon='145.12896831191' />
  <node id='-26681' action='modify' visible='true' lat='-37.91293712459' lon='145.12887014976' />
  <node id='-26682' action='modify' visible='true' lat='-37.91291459526' lon='145.12885646655' />
  <node id='-26684' action='modify' visible='true' lat='-37.91290051442' lon='145.12883147982' />
  <node id='-26685' action='modify' visible='true' lat='-37.91289300464' lon='145.12879221496' />
  <node id='-26686' action='modify' visible='true' lat='-37.91289910634' lon='145.12874938057' />
  <node id='-26687' action='modify' visible='true' lat='-37.91291365654' lon='145.12872915322' />
  <node id='-26688' action='modify' visible='true' lat='-37.91292351312' lon='145.12871725478' />
  <node id='-26689' action='modify' visible='true' lat='-37.91288831103' lon='145.1286184977' />
  <node id='-26690' action='modify' visible='true' lat='-37.91282682466' lon='145.12854591721' />
  <node id='-26691' action='modify' visible='true' lat='-37.91276862378' lon='145.12853401876' />
  <node id='-26692' action='modify' visible='true' lat='-37.9124001736' lon='145.12856257503' />
  <node id='-26693' action='modify' visible='true' lat='-37.91223261029' lon='145.12856257503' />
  <node id='-26694' action='modify' visible='true' lat='-37.91112208303' lon='145.12878329113' />
  <node id='-26695' action='modify' visible='true' lat='-37.9111845091' lon='145.12954360101' />
  <node id='-26696' action='modify' visible='true' lat='-37.91118826408' lon='145.12972683702' />
  <node id='-26697' action='modify' visible='true' lat='-37.91176183467' lon='145.12969709091' />
  <node id='-26698' action='modify' visible='true' lat='-37.91197492769' lon='145.12960309322' />
  <node id='-26699' action='modify' visible='true' lat='-37.91244335465' lon='145.12951504474' />
  <node id='-26700' action='modify' visible='true' lat='-37.91246025175' lon='145.12952099396' />
  <node id='-26701' action='modify' visible='true' lat='-37.91246776158' lon='145.12954598069' />
  <node id='-26702' action='modify' visible='true' lat='-37.91254849215' lon='145.13018849658' />
  <node id='-26703' action='modify' visible='true' lat='-37.91300235895' lon='145.13012177673' />
  <node id='-26704' action='modify' visible='true' lat='-37.91300726991' lon='145.13016302054' />
  <node id='-26705' action='modify' visible='true' lat='-37.91253065633' lon='145.13023490051' />
  <node id='-26706' action='modify' visible='true' lat='-37.91251751415' lon='145.13022419191' />
  <node id='-26707' action='modify' visible='true' lat='-37.91243490609' lon='145.12956025882' />
  <node id='-26708' action='modify' visible='true' lat='-37.91198056009' lon='145.12964711745' />
  <node id='-26709' action='modify' visible='true' lat='-37.9117777932' lon='145.12973040655' />
  <node id='-26710' action='modify' visible='true' lat='-37.91174399867' lon='145.1297399253' />
  <node id='-26711' action='modify' visible='true' lat='-37.91117136667' lon='145.12977086125' />
  <node id='-26712' action='modify' visible='true' lat='-37.91054897636' lon='145.1298553402' />
  <node id='-26713' action='modify' visible='true' lat='-37.91053958883' lon='145.12984582144' />
  <node id='-26714' action='modify' visible='true' lat='-37.91051799751' lon='145.12967567372' />
  <node id='-26715' action='modify' visible='true' lat='-37.91000449785' lon='145.1297399253' />
  <node id='-26716' action='modify' visible='true' lat='-37.91022041222' lon='145.13163177764' />
  <node id='-26717' action='modify' visible='true' lat='-37.91027673761' lon='145.13164248624' />
  <node id='-26718' action='modify' visible='true' lat='-37.91071607412' lon='145.13155919715' />
  <node id='-26719' action='modify' visible='true' lat='-37.91073109413' lon='145.13156752606' />
  <node id='-26720' action='modify' visible='true' lat='-37.91073297163' lon='145.13158061434' />
  <node id='-26721' action='modify' visible='true' lat='-37.91072170663' lon='145.13159965185' />
  <node id='-26722' action='modify' visible='true' lat='-37.9102748601' lon='145.13169008001' />
  <node id='-26723' action='modify' visible='true' lat='-37.91022604476' lon='145.13167461204' />
  <node id='-26724' action='modify' visible='true' lat='-37.91030396153' lon='145.13234211465' />
  <node id='-26725' action='modify' visible='true' lat='-37.91031334908' lon='145.13272643434' />
  <node id='-26726' action='modify' visible='true' lat='-37.91028988019' lon='145.13327495254' />
  <node id='-26727' action='modify' visible='true' lat='-37.91033388497' lon='145.13441067904' />
  <node id='-26728' action='modify' visible='true' lat='-37.91025608497' lon='145.13327138301' />
  <node id='-26729' action='modify' visible='true' lat='-37.91027861512' lon='145.13271572575' />
  <node id='-26730' action='modify' visible='true' lat='-37.91027392134' lon='145.13247656705' />
  <node id='-26731' action='modify' visible='true' lat='-37.91027110507' lon='145.13233735528' />
  <node id='-26732' action='modify' visible='true' lat='-37.91026077875' lon='145.13226953416' />
  <node id='-26733' action='modify' visible='true' lat='-37.910190372' lon='145.13166866282' />
  <node id='-26734' action='modify' visible='true' lat='-37.91004861954' lon='145.13162463858' />
  <node id='-26736' action='modify' visible='true' lat='-37.91002327304' lon='145.13162582842' />
  <node id='-26738' action='modify' visible='true' lat='-37.90961209533' lon='145.1317031683' />
  <node id='-26739' action='modify' visible='true' lat='-37.90942809725' lon='145.13174719254' />
  <node id='-26740' action='modify' visible='true' lat='-37.90892210017' lon='145.13184238007' />
  <node id='-26741' action='modify' visible='true' lat='-37.90891834508' lon='145.13204584344' />
  <node id='-26742' action='modify' visible='true' lat='-37.90890520225' lon='145.13205536219' />
  <node id='-26743' action='modify' visible='true' lat='-37.9088385493' lon='145.1321981435' />
  <node id='-26744' action='modify' visible='true' lat='-37.90895973184' lon='145.13242681944' />
  <node id='-26745' action='modify' visible='true' lat='-37.90893133497' lon='145.13246209113' />
  <node id='-26746' action='modify' visible='true' lat='-37.90879630444' lon='145.13222075054' />
  <node id='-26747' action='modify' visible='true' lat='-37.90885356969' lon='145.13205893173' />
  <node id='-26748' action='modify' visible='true' lat='-37.90815042445' lon='145.13218862475' />
  <node id='-26749' action='modify' visible='true' lat='-37.9080490358' lon='145.13216720755' />
  <node id='-26750' action='modify' visible='true' lat='-37.9077373587' lon='145.13223978805' />
  <node id='-26751' action='modify' visible='true' lat='-37.90768290895' lon='145.13226715447' />
  <node id='-26752' action='modify' visible='true' lat='-37.90757594351' lon='145.13229875992' />
  <node id='-26753' action='modify' visible='true' lat='-37.90757307054' lon='145.13225406618' />
  <node id='-26754' action='modify' visible='true' lat='-37.90770356231' lon='145.13221361148' />
  <node id='-26755' action='modify' visible='true' lat='-37.9077373587' lon='145.13219695366' />
  <node id='-26756' action='modify' visible='true' lat='-37.90804715823' lon='145.13212675285' />
  <node id='-26757' action='modify' visible='true' lat='-37.90814291419' lon='145.13213984113' />
  <node id='-26758' action='modify' visible='true' lat='-37.90843769154' lon='145.13208986768' />
  <node id='-26759' action='modify' visible='true' lat='-37.90888642678' lon='145.1320125278' />
  <node id='-26760' action='modify' visible='true' lat='-37.90888736555' lon='145.13183286132' />
  <node id='-26761' action='modify' visible='true' lat='-37.90887610026' lon='145.13147709789' />
  <node id='-26762' action='modify' visible='true' lat='-37.90868552891' lon='145.13002548792' />
  <node id='-26763' action='modify' visible='true' lat='-37.90764535737' lon='145.13023252082' />
  <node id='-26764' action='modify' visible='true' lat='-37.90754866198' lon='145.13027892474' />
  <node id='-26765' action='modify' visible='true' lat='-37.9074472725' lon='145.13041694668' />
  <node id='-26766' action='modify' visible='true' lat='-37.90737780185' lon='145.13054426001' />
  <node id='-26767' action='modify' visible='true' lat='-37.90740878201' lon='145.13084291091' />
  <node id='-26768' action='modify' visible='true' lat='-37.9073843734' lon='145.13045145216' />
  <node id='-26769' action='modify' visible='true' lat='-37.90746604834' lon='145.13033008805' />
  <node id='-26770' action='modify' visible='true' lat='-37.90752425341' lon='145.13025036848' />
  <node id='-26771' action='modify' visible='true' lat='-37.90755429472' lon='145.13022062238' />
  <node id='-26772' action='modify' visible='true' lat='-37.90745290525' lon='145.13018016767' />
  <node id='-26773' action='modify' visible='true' lat='-37.90741253718' lon='145.13029082319' />
  <node id='-26774' action='modify' visible='true' lat='-37.90738531219' lon='145.13042884512' />
  <node id='-26776' action='modify' visible='true' lat='-37.9074820078' lon='145.13191853011' />
  <node id='-26777' action='modify' visible='true' lat='-37.90749890605' lon='145.13191853011' />
  <node id='-26778' action='modify' visible='true' lat='-37.90765662285' lon='145.13332730568' />
  <node id='-26779' action='modify' visible='true' lat='-37.90764066342' lon='145.13332968537' />
  <node id='-26781' action='modify' visible='true' lat='-37.90765005132' lon='145.13337370961' />
  <node id='-26782' action='modify' visible='true' lat='-37.907660378' lon='145.13337132992' />
  <node id='-26783' action='modify' visible='true' lat='-37.90778335932' lon='145.13448383428' />
  <node id='-26784' action='modify' visible='true' lat='-37.90777209386' lon='145.1344814546' />
  <node id='-26786' action='modify' visible='true' lat='-37.90777772659' lon='145.13452666868' />
  <node id='-26787' action='modify' visible='true' lat='-37.90778899204' lon='145.13452666868' />
  <node id='-26788' action='modify' visible='true' lat='-37.90783968657' lon='145.13496096182' />
  <node id='-26789' action='modify' visible='true' lat='-37.90782842112' lon='145.13495263291' />
  <node id='-26791' action='modify' visible='true' lat='-37.90783311506' lon='145.13500736575' />
  <node id='-26792' action='modify' visible='true' lat='-37.90784250293' lon='145.13500498606' />
  <node id='-26793' action='modify' visible='true' lat='-37.90795985122' lon='145.13605085915' />
  <node id='-26794' action='modify' visible='true' lat='-37.90802556618' lon='145.13633166239' />
  <node id='-26795' action='modify' visible='true' lat='-37.90799552507' lon='145.13630667566' />
  <node id='-26796' action='modify' visible='true' lat='-37.90792323857' lon='145.13629477722' />
  <node id='-26798' action='modify' visible='true' lat='-37.90787723804' lon='145.13629358737' />
  <node id='-26799' action='modify' visible='true' lat='-37.90778993083' lon='145.13633047254' />
  <node id='-26800' action='modify' visible='true' lat='-37.90786878896' lon='145.13604728961' />
  <node id='-26801' action='modify' visible='true' lat='-37.90789601377' lon='145.13591878644' />
  <node id='-26802' action='modify' visible='true' lat='-37.90790540164' lon='145.135761727' />
  <node id='-26803' action='modify' visible='true' lat='-37.90789883013' lon='145.13560228787' />
  <node id='-26805' action='modify' visible='true' lat='-37.90749233451' lon='145.13187569571' />
  <node id='-26806' action='modify' visible='true' lat='-37.90747637505' lon='145.13187688556' />
  <node id='-26807' action='modify' visible='true' lat='-37.90739939408' lon='145.13116654855' />
  <node id='-26808' action='modify' visible='true' lat='-37.90734776046' lon='145.13094404767' />
  <node id='-26809' action='modify' visible='true' lat='-37.90733555615' lon='145.13080364605' />
  <node id='-26810' action='modify' visible='true' lat='-37.90737310788' lon='145.13081911403' />
  <node id='-26813' action='modify' visible='true' lat='-37.90732992339' lon='145.1307536726' />
  <node id='-26814' action='modify' visible='true' lat='-37.90737123029' lon='145.13077389995' />
  <node id='-26815' action='modify' visible='true' lat='-37.90734682167' lon='145.13059066394' />
  <node id='-26816' action='modify' visible='true' lat='-37.9073430665' lon='145.13047286936' />
  <node id='-26817' action='modify' visible='true' lat='-37.90735902598' lon='145.13035983415' />
  <node id='-26818' action='modify' visible='true' lat='-37.90738625098' lon='145.13025512786' />
  <node id='-26819' action='modify' visible='true' lat='-37.90741535356' lon='145.13017421845' />
  <node id='-26820' action='modify' visible='true' lat='-37.90737216909' lon='145.13016826923' />
  <node id='-26821' action='modify' visible='true' lat='-37.90732992339' lon='145.1301432825' />
  <node id='-26822' action='modify' visible='true' lat='-37.90729988198' lon='145.13010520749' />
  <node id='-26823' action='modify' visible='true' lat='-37.90728016731' lon='145.13007308169' />
  <node id='-26824' action='modify' visible='true' lat='-37.9072811061' lon='145.13013733328' />
  <node id='-26825' action='modify' visible='true' lat='-37.90727735092' lon='145.13022895129' />
  <node id='-26826' action='modify' visible='true' lat='-37.9072811061' lon='145.13031224038' />
  <node id='-26827' action='modify' visible='true' lat='-37.90729331042' lon='145.13043479434' />
  <node id='-26828' action='modify' visible='true' lat='-37.9073130251' lon='145.13060732175' />
  <node id='-26833' action='modify' visible='true' lat='-37.90727171816' lon='145.12981012611' />
  <node id='-26834' action='modify' visible='true' lat='-37.90727171816' lon='145.1298850863' />
  <node id='-26835' action='modify' visible='true' lat='-37.90728204489' lon='145.12996361602' />
  <node id='-26836' action='modify' visible='true' lat='-37.9073130251' lon='145.13006237309' />
  <node id='-26837' action='modify' visible='true' lat='-37.90736090357' lon='145.13011591608' />
  <node id='-26838' action='modify' visible='true' lat='-37.90742943544' lon='145.13013495359' />
  <node id='-26839' action='modify' visible='true' lat='-37.90745947679' lon='145.13012662468' />
  <node id='-26840' action='modify' visible='true' lat='-37.90752706979' lon='145.13007189185' />
  <node id='-26841' action='modify' visible='true' lat='-37.9075571111' lon='145.13001001995' />
  <node id='-26842' action='modify' visible='true' lat='-37.90758151965' lon='145.12992673085' />
  <node id='-26843' action='modify' visible='true' lat='-37.90758715239' lon='145.12986604879' />
  <node id='-26844' action='modify' visible='true' lat='-37.90757494812' lon='145.12977681048' />
  <node id='-26845' action='modify' visible='true' lat='-37.90753082495' lon='145.12968638231' />
  <node id='-26846' action='modify' visible='true' lat='-37.9074707423' lon='145.12963402917' />
  <node id='-26847' action='modify' visible='true' lat='-37.90739376133' lon='145.12963640886' />
  <node id='-26848' action='modify' visible='true' lat='-37.90731959666' lon='145.12967567372' />
  <node id='-26849' action='modify' visible='true' lat='-37.90729049404' lon='145.1297208878' />
  <node id='-26850' action='modify' visible='true' lat='-37.90744915008' lon='145.1295864354' />
  <node id='-26851' action='modify' visible='true' lat='-37.90748576297' lon='145.12959595415' />
  <node id='-26852' action='modify' visible='true' lat='-37.90752237583' lon='145.12961975104' />
  <node id='-26854' action='modify' visible='true' lat='-37.90752237583' lon='145.12956620805' />
  <node id='-26855' action='modify' visible='true' lat='-37.90753082495' lon='145.1295352721' />
  <node id='-26856' action='modify' visible='true' lat='-37.90755241714' lon='145.12949838692' />
  <node id='-26857' action='modify' visible='true' lat='-37.90756274384' lon='145.12948410879' />
  <node id='-26858' action='modify' visible='true' lat='-37.90752988616' lon='145.12950076661' />
  <node id='-26859' action='modify' visible='true' lat='-37.90749702846' lon='145.12952694319' />
  <node id='-26860' action='modify' visible='true' lat='-37.90746980351' lon='145.12954717054' />
  <node id='-26863' action='modify' visible='true' lat='-37.90763221432' lon='145.12947815957' />
  <node id='-26864' action='modify' visible='true' lat='-37.90758527481' lon='145.12951623459' />
  <node id='-26865' action='modify' visible='true' lat='-37.9075571111' lon='145.12957096742' />
  <node id='-26866' action='modify' visible='true' lat='-37.90756180505' lon='145.12964711745' />
  <node id='-26867' action='modify' visible='true' lat='-37.90758058086' lon='145.12969471122' />
  <node id='-26868' action='modify' visible='true' lat='-37.90761062215' lon='145.12976967141' />
  <node id='-26869' action='modify' visible='true' lat='-37.90762188763' lon='145.1298553402' />
  <node id='-26870' action='modify' visible='true' lat='-37.9076153161' lon='145.12995290742' />
  <node id='-26871' action='modify' visible='true' lat='-37.90759278514' lon='145.13001477932' />
  <node id='-26872' action='modify' visible='true' lat='-37.90762376521' lon='145.13010877702' />
  <node id='-26873' action='modify' visible='true' lat='-37.90766601074' lon='145.13013614344' />
  <node id='-26874' action='modify' visible='true' lat='-37.90772421566' lon='145.13016588954' />
  <node id='-26875' action='modify' visible='true' lat='-37.90779650235' lon='145.13015875048' />
  <node id='-26876' action='modify' visible='true' lat='-37.90812132217' lon='145.1300921192' />
  <node id='-26877' action='modify' visible='true' lat='-37.90868083503' lon='145.12998265353' />
  <node id='-26878' action='modify' visible='true' lat='-37.90860197777' lon='145.1292770759' />
  <node id='-26879' action='modify' visible='true' lat='-37.90811099555' lon='145.12937583297' />
  <node id='-26881' action='modify' visible='true' lat='-37.90862920231' lon='145.12926993683' />
  <node id='-26882' action='modify' visible='true' lat='-37.90871087587' lon='145.12992554101' />
  <node id='-26883' action='modify' visible='true' lat='-37.90875969221' lon='145.12995528711' />
  <node id='-26884' action='modify' visible='true' lat='-37.9088310391' lon='145.12994814805' />
  <node id='-26885' action='modify' visible='true' lat='-37.90936801615' lon='145.12983273316' />
  <node id='-26886' action='modify' visible='true' lat='-37.90985054113' lon='145.12972445733' />
  <node id='-26887' action='modify' visible='true' lat='-37.9097698076' lon='145.12903910705' />
  <node id='-26888' action='modify' visible='true' lat='-37.90950789239' lon='145.12909383988' />
  <node id='-26889' action='modify' visible='true' lat='-37.90887703904' lon='145.1292235329' />
  <node id='-26890' action='modify' visible='true' lat='-37.9087174473' lon='145.12998146369' />
  <node id='-26891' action='modify' visible='true' lat='-37.90877095751' lon='145.13000288088' />
  <node id='-26892' action='modify' visible='true' lat='-37.90880381464' lon='145.12999455197' />
  <node id='-26893' action='modify' visible='true' lat='-37.90877095751' lon='145.13007903091' />
  <node id='-26894' action='modify' visible='true' lat='-37.90873810037' lon='145.13017064892' />
  <node id='-26895' action='modify' visible='true' lat='-37.908752182' lon='145.13028725365' />
  <node id='-26896' action='modify' visible='true' lat='-37.90881414116' lon='145.1300516645' />
  <node id='-26897' action='modify' visible='true' lat='-37.90885544723' lon='145.12998265353' />
  <node id='-26898' action='modify' visible='true' lat='-37.90947409682' lon='145.12985177066' />
  <node id='-26899' action='modify' visible='true' lat='-37.90996882498' lon='145.12974944406' />
  <node id='-26900' action='modify' visible='true' lat='-37.91002984436' lon='145.13031343023' />
  <node id='-26901' action='modify' visible='true' lat='-37.91006176216' lon='145.13059542331' />
  <node id='-26902' action='modify' visible='true' lat='-37.91018473946' lon='145.13162701827' />
  <node id='-26903' action='modify' visible='true' lat='-37.91003453815' lon='145.13157823465' />
  <node id='-26904' action='modify' visible='true' lat='-37.90946564792' lon='145.13169364954' />
  <node id='-26905' action='modify' visible='true' lat='-37.90937270999' lon='145.13171268705' />
  <node id='-26906' action='modify' visible='true' lat='-37.90892022262' lon='145.13179954568' />
  <node id='-26907' action='modify' visible='true' lat='-37.90890989612' lon='145.13148185727' />
  <node id='-26908' action='modify' visible='true' lat='-37.90980641933' lon='145.12903315783' />
  <node id='-26909' action='modify' visible='true' lat='-37.91116385672' lon='145.12972683702' />
  <node id='-26910' action='modify' visible='true' lat='-37.91057056766' lon='145.12981012611' />
  <node id='-26911' action='modify' visible='true' lat='-37.91054428259' lon='145.12962807995' />
  <node id='-26912' action='modify' visible='true' lat='-37.91000168157' lon='145.1296994706' />
  <node id='-26913' action='modify' visible='true' lat='-37.90999323274' lon='145.12961856119' />
  <node id='-26914' action='modify' visible='true' lat='-37.90985805122' lon='145.12947102051' />
  <node id='-26915' action='modify' visible='true' lat='-37.91110096079' lon='145.12878804991' />
  <node id='-26916' action='modify' visible='true' lat='-37.91116291797' lon='145.12953051272' />
  <node id='-26918' action='modify' visible='true' lat='-37.90986462255' lon='145.12953408225' />
  <node id='-26919' action='modify' visible='true' lat='-37.90995849862' lon='145.12963997839' />
  <node id='-26921' action='modify' visible='true' lat='-37.9099660087' lon='145.12970660967' />
  <node id='-26922' action='modify' visible='true' lat='-37.90988433654' lon='145.12971612842' />
  <node id='-26923' action='modify' visible='true' lat='-37.91320747559' lon='145.13088931484' />
  <node id='-26924' action='modify' visible='true' lat='-37.91319339481' lon='145.13085718904' />
  <node id='-26925' action='modify' visible='true' lat='-37.91322624996' lon='145.13095475627' />
  <node id='-26926' action='modify' visible='true' lat='-37.91328351176' lon='145.13104637428' />
  <node id='-26928' action='modify' visible='true' lat='-37.91329383765' lon='145.13107612038' />
  <node id='-26929' action='modify' visible='true' lat='-37.91329289894' lon='145.13110467665' />
  <node id='-26930' action='modify' visible='true' lat='-37.91327881817' lon='145.13111895478' />
  <node id='-26931' action='modify' visible='true' lat='-37.91325441151' lon='145.13112371415' />
  <node id='-26932' action='modify' visible='true' lat='-37.91323094355' lon='145.13109039852' />
  <node id='-26933' action='modify' visible='true' lat='-37.91427854577' lon='145.13354742687' />
  <node id='-26934' action='modify' visible='true' lat='-37.91425413943' lon='145.13354861671' />
  <node id='-26935' action='modify' visible='true' lat='-37.91423912015' lon='145.13357836282' />
  <node id='-26936' action='modify' visible='true' lat='-37.91424287497' lon='145.13362000737' />
  <node id='-26937' action='modify' visible='true' lat='-37.91427103612' lon='145.13369734724' />
  <node id='-26938' action='modify' visible='true' lat='-37.91428417799' lon='145.13364023472' />
  <node id='-26939' action='modify' visible='true' lat='-37.91429168763' lon='145.13360453939' />
  <node id='-26940' action='modify' visible='true' lat='-37.91429356504' lon='145.13357122375' />
  <node id='-26942' action='modify' visible='true' lat='-37.91441184175' lon='145.13488005242' />
  <node id='-26944' action='modify' visible='true' lat='-37.9143968225' lon='145.1348931407' />
  <node id='-26945' action='modify' visible='true' lat='-37.91437523231' lon='145.13493002587' />
  <node id='-26946' action='modify' visible='true' lat='-37.91436396787' lon='145.13498951809' />
  <node id='-26947' action='modify' visible='true' lat='-37.9143714775' lon='145.13504425092' />
  <node id='-26948' action='modify' visible='true' lat='-37.91439494509' lon='145.13508827516' />
  <node id='-26949' action='modify' visible='true' lat='-37.91443624803' lon='145.13512278064' />
  <node id='-26950' action='modify' visible='true' lat='-37.91448412187' lon='145.13512635017' />
  <node id='-26951' action='modify' visible='true' lat='-37.91453762788' lon='145.13510374313' />
  <node id='-26952' action='modify' visible='true' lat='-37.91456391152' lon='145.13505852905' />
  <node id='-26953' action='modify' visible='true' lat='-37.91457799204' lon='145.13499427746' />
  <node id='-26954' action='modify' visible='true' lat='-37.91457893074' lon='145.13498118918' />
  <node id='-26955' action='modify' visible='true' lat='-37.91456860503' lon='145.13493359541' />
  <node id='-26956' action='modify' visible='true' lat='-37.91453481178' lon='145.13488600164' />
  <node id='-26957' action='modify' visible='true' lat='-37.91450477332' lon='145.13486220475' />
  <node id='-26958' action='modify' visible='true' lat='-37.91447098003' lon='145.13485744538' />
  <node id='-26959' action='modify' visible='true' lat='-37.91443624803' lon='145.1348633946' />
  <node id='-26960' action='modify' visible='true' lat='-37.91472255188' lon='145.13480033285' />
  <node id='-26961' action='modify' visible='true' lat='-37.91458737905' lon='145.13480866176' />
  <node id='-26962' action='modify' visible='true' lat='-37.91451885385' lon='145.13478248519' />
  <node id='-26963' action='modify' visible='true' lat='-37.91446253171' lon='145.13472299298' />
  <node id='-26964' action='modify' visible='true' lat='-37.91443624803' lon='145.13468015858' />
  <node id='-26965' action='modify' visible='true' lat='-37.91447661225' lon='145.13481580083' />
  <node id='-26966' action='modify' visible='true' lat='-37.91450477332' lon='145.13481699067' />
  <node id='-26967' action='modify' visible='true' lat='-37.91453481178' lon='145.13483483834' />
  <node id='-26968' action='modify' visible='true' lat='-37.9146465172' lon='145.13483007896' />
  <node id='-26970' action='modify' visible='true' lat='-37.91443812544' lon='145.13481699067' />
  <node id='-26971' action='modify' visible='true' lat='-37.9143977612' lon='145.13483959771' />
  <node id='-26972' action='modify' visible='true' lat='-37.91439119028' lon='145.13464803279' />
  <node id='-26974' action='modify' visible='true' lat='-37.91433205193' lon='145.13496691105' />
  <node id='-26975' action='modify' visible='true' lat='-37.91433205193' lon='145.13502521341' />
  <node id='-26976' action='modify' visible='true' lat='-37.91435645824' lon='145.13510136344' />
  <node id='-26977' action='modify' visible='true' lat='-37.91418936874' lon='145.13514181815' />
  <node id='-26978' action='modify' visible='true' lat='-37.91392840798' lon='145.13525366351' />
  <node id='-26979' action='modify' visible='true' lat='-37.91389930798' lon='145.1351406283' />
  <node id='-26981' action='modify' visible='true' lat='-37.913863637' lon='145.13515490644' />
  <node id='-26982' action='modify' visible='true' lat='-37.91389367572' lon='145.13526318226' />
  <node id='-26983' action='modify' visible='true' lat='-37.91360267508' lon='145.1353690784' />
  <node id='-26984' action='modify' visible='true' lat='-37.9134862745' lon='145.13535599011' />
  <node id='-26985' action='modify' visible='true' lat='-37.91357639109' lon='145.13526794164' />
  <node id='-26986' action='modify' visible='true' lat='-37.91132813686' lon='145.13341773385' />
  <node id='-26987' action='modify' visible='true' lat='-37.91140605246' lon='145.13343320182' />
  <node id='-26988' action='modify' visible='true' lat='-37.91153090499' lon='145.13393769578' />
  <node id='-26989' action='modify' visible='true' lat='-37.91152808877' lon='145.13398290986' />
  <node id='-26990' action='modify' visible='true' lat='-37.91150180404' lon='145.13401146612' />
  <node id='-26991' action='modify' visible='true' lat='-37.91117042793' lon='145.1334272526' />
  <node id='-26992' action='modify' visible='true' lat='-37.91125773113' lon='145.13339155727' />
  <node id='-26993' action='modify' visible='true' lat='-37.9113225044' lon='145.1333760893' />
  <node id='-26994' action='modify' visible='true' lat='-37.91143890841' lon='145.13339274712' />
  <node id='-26995' action='modify' visible='true' lat='-37.91158816811' lon='145.13399242861' />
  <node id='-27183' action='modify' visible='true' lat='-37.90891319506' lon='145.13694772211' />
  <node id='-27184' action='modify' visible='true' lat='-37.9086684991' lon='145.13694772211' />
  <node id='-27185' action='modify' visible='true' lat='-37.90859030661' lon='145.13693606278' />
  <node id='-27186' action='modify' visible='true' lat='-37.90845415948' lon='145.13688242984' />
  <node id='-27187' action='modify' visible='true' lat='-37.90829869388' lon='145.13673902003' />
  <node id='-27188' action='modify' visible='true' lat='-37.90822786033' lon='145.13665157502' />
  <node id='-27189' action='modify' visible='true' lat='-37.90815794663' lon='145.13653148387' />
  <node id='-27190' action='modify' visible='true' lat='-37.90812390968' lon='145.13644054106' />
  <node id='-27191' action='modify' visible='true' lat='-37.90807515401' lon='145.13637175099' />
  <node id='-27192' action='modify' visible='true' lat='-37.9080024804' lon='145.13609192696' />
  <node id='-27193' action='modify' visible='true' lat='-37.9078755314' lon='145.13496563525' />
  <node id='-27194' action='modify' visible='true' lat='-37.90812114992' lon='145.13653731354' />
  <node id='-27195' action='modify' visible='true' lat='-37.90808803287' lon='145.13645336633' />
  <node id='-27196' action='modify' visible='true' lat='-37.90804939628' lon='145.13639856746' />
  <node id='-27197' action='modify' visible='true' lat='-37.90798868161' lon='145.13634959825' />
  <node id='-27198' action='modify' visible='true' lat='-37.90788473061' lon='145.13633327519' />
  <node id='-27199' action='modify' visible='true' lat='-37.90776974041' lon='145.13638807406' />
  <node id='-27200' action='modify' visible='true' lat='-37.90770626573' lon='145.13648251467' />
  <node id='-27201' action='modify' visible='true' lat='-37.90768602742' lon='145.13653264981' />
  <node id='-27202' action='modify' visible='true' lat='-37.90767866803' lon='145.13661659701' />
  <node id='-27203' action='modify' visible='true' lat='-37.90769614658' lon='145.13673085849' />
  <node id='-27204' action='modify' visible='true' lat='-37.90774950211' lon='145.13682763097' />
  <node id='-27205' action='modify' visible='true' lat='-37.90780929706' lon='145.13688242984' />
  <node id='-27206' action='modify' visible='true' lat='-37.90786909196' lon='145.13690691444' />
  <node id='-27207' action='modify' visible='true' lat='-37.90796844337' lon='145.13689991884' />
  <node id='-27208' action='modify' visible='true' lat='-37.90802915806' lon='145.13686260897' />
  <node id='-27209' action='modify' visible='true' lat='-37.90809631213' lon='145.13676700243' />
  <node id='-27210' action='modify' visible='true' lat='-37.90811195074' lon='145.13672153102' />
  <node id='-27211' action='modify' visible='true' lat='-37.90812390968' lon='145.13663058822' />
  <node id='-27212' action='modify' visible='true' lat='-37.90815978647' lon='145.13659444428' />
  <node id='-27214' action='modify' visible='true' lat='-37.90820854208' lon='145.13668888489' />
  <node id='-27215' action='modify' visible='true' lat='-37.90826833665' lon='145.1367623387' />
  <node id='-27216' action='modify' visible='true' lat='-37.90838516591' lon='145.13687543424' />
  <node id='-27217' action='modify' visible='true' lat='-37.90842656206' lon='145.13691157818' />
  <node id='-27218' action='modify' visible='true' lat='-37.90851395386' lon='145.13695821551' />
  <node id='-27219' action='modify' visible='true' lat='-37.90859214643' lon='145.13697803638' />
  <node id='-27220' action='modify' visible='true' lat='-37.90865010087' lon='145.13699086165' />
  <node id='-27221' action='modify' visible='true' lat='-37.90885708064' lon='145.13699202759' />
  <node id='-27222' action='modify' visible='true' lat='-37.90878440781' lon='145.13700718472' />
  <node id='-27223' action='modify' visible='true' lat='-37.90862710308' lon='145.13701301439' />
  <node id='-27224' action='modify' visible='true' lat='-37.90850567464' lon='145.13700252099' />
  <node id='-27225' action='modify' visible='true' lat='-37.90802823814' lon='145.13691274411' />
  <node id='-27226' action='modify' visible='true' lat='-37.90805307596' lon='145.13689642104' />
  <node id='-27227' action='modify' visible='true' lat='-37.90812023' lon='145.13679615077' />
  <node id='-27228' action='modify' visible='true' lat='-37.90814138811' lon='145.13673902003' />
  <node id='-27229' action='modify' visible='true' lat='-37.90815518688' lon='145.13665623875' />
  <node id='-27231' action='modify' visible='true' lat='-37.90757287675' lon='145.13006638289' />
  <node id='-27232' action='modify' visible='true' lat='-37.90759863464' lon='145.13013050923' />
  <node id='-27233' action='modify' visible='true' lat='-37.90765291017' lon='145.13017947844' />
  <node id='-27234' action='modify' visible='true' lat='-37.90757655645' lon='145.1301818103' />
  <node id='-27235' action='modify' visible='true' lat='-37.90749468309' lon='145.13014799823' />
  <node id='-27236' action='modify' visible='true' lat='-37.90754067937' lon='145.13011302023' />
  <node id='-27237' action='modify' visible='true' lat='-37.9129965538' lon='145.1287768605' />
  <node id='-27238' action='modify' visible='true' lat='-37.91298183609' lon='145.12874771216' />
  <node id='-27239' action='modify' visible='true' lat='-37.91295056093' lon='145.12874538029' />
  <node id='-27240' action='modify' visible='true' lat='-37.91293216378' lon='145.12876520116' />
  <node id='-27241' action='modify' visible='true' lat='-37.9129294042' lon='145.12879551543' />
  <node id='-27242' action='modify' visible='true' lat='-37.91294412193' lon='145.12882816157' />
  <node id='-27243' action='modify' visible='true' lat='-37.91296343894' lon='145.12883515717' />
  <node id='-27244' action='modify' visible='true' lat='-37.91298551551' lon='145.12882816157' />
  <node id='-27245' action='modify' visible='true' lat='-37.91299563394' lon='145.1288083407' />
  <node id='-27246' action='modify' visible='true' lat='-37.91475529944' lon='145.13145267776' />
  <node id='-27247' action='modify' visible='true' lat='-37.91488775557' lon='145.1314853239' />
  <node id='-27248' action='modify' visible='true' lat='-37.91501009331' lon='145.13156693924' />
  <node id='-27249' action='modify' visible='true' lat='-37.91508551949' lon='145.13171501279' />
  <node id='-27250' action='modify' visible='true' lat='-37.91539918116' lon='145.13411916756' />
  <node id='-27251' action='modify' visible='true' lat='-37.9150183718' lon='145.13162873371' />
  <node id='-27252' action='modify' visible='true' lat='-37.91488499607' lon='145.13152846344' />
  <node id='-27253' action='modify' visible='true' lat='-37.91466515555' lon='145.1314748305' />
  <node id='-27254' action='modify' visible='true' lat='-37.9146384803' lon='145.13148299203' />
  <node id='-27257' action='modify' visible='true' lat='-37.91466423572' lon='145.13151563817' />
  <node id='-27258' action='modify' visible='true' lat='-37.91468723162' lon='145.13159492164' />
  <node id='-27259' action='modify' visible='true' lat='-37.91467987293' lon='145.13169402599' />
  <node id='-27260' action='modify' visible='true' lat='-37.91463204144' lon='145.13176398199' />
  <node id='-27261' action='modify' visible='true' lat='-37.91459248846' lon='145.13179079846' />
  <node id='-27262' action='modify' visible='true' lat='-37.91357422176' lon='145.13198317748' />
  <node id='-27263' action='modify' visible='true' lat='-37.91349603448' lon='145.13196568848' />
  <node id='-27298' action='modify' visible='true' lat='-37.91506252371' lon='145.13161474251' />
  <node id='-27299' action='modify' visible='true' lat='-37.91467435392' lon='145.13143052503' />
  <node id='-27300' action='modify' visible='true' lat='-37.91459892732' lon='145.13144801403' />
  <node id='-27301' action='modify' visible='true' lat='-37.91453729821' lon='145.13137689209' />
  <node id='-27302' action='modify' visible='true' lat='-37.91443059695' lon='145.13130343828' />
  <node id='-27303' action='modify' visible='true' lat='-37.91436620819' lon='145.13128245148' />
  <node id='-27304' action='modify' visible='true' lat='-37.91390996617' lon='145.13136989649' />
  <node id='-27305' action='modify' visible='true' lat='-37.91375727164' lon='145.13138038989' />
  <node id='-27306' action='modify' visible='true' lat='-37.91363401197' lon='145.13136406682' />
  <node id='-27307' action='modify' visible='true' lat='-37.91354938581' lon='145.13133958222' />
  <node id='-27308' action='modify' visible='true' lat='-37.91349879403' lon='145.13134308002' />
  <node id='-27309' action='modify' visible='true' lat='-37.91345372133' lon='145.13136756462' />
  <node id='-27310' action='modify' visible='true' lat='-37.91341784712' lon='145.13141420196' />
  <node id='-27311' action='modify' visible='true' lat='-37.91339669053' lon='145.13147249863' />
  <node id='-27312' action='modify' visible='true' lat='-37.91340036993' lon='145.13160891285' />
  <node id='-27313' action='modify' visible='true' lat='-37.91342244638' lon='145.1317709776' />
  <node id='-27314' action='modify' visible='true' lat='-37.91344636252' lon='145.13190855774' />
  <node id='-27315' action='modify' visible='true' lat='-37.91344360296' lon='145.13166837545' />
  <node id='-27316' action='modify' visible='true' lat='-37.91342888534' lon='145.13154711837' />
  <node id='-27317' action='modify' visible='true' lat='-37.9134353243' lon='145.13145500963' />
  <node id='-27318' action='modify' visible='true' lat='-37.91347303821' lon='145.13140487449' />
  <node id='-27319' action='modify' visible='true' lat='-37.9135199506' lon='145.13138388769' />
  <node id='-27320' action='modify' visible='true' lat='-37.91356962251' lon='145.13138971736' />
  <node id='-27321' action='modify' visible='true' lat='-37.91362389363' lon='145.13140487449' />
  <node id='-27322' action='modify' visible='true' lat='-37.91375175256' lon='145.13142003163' />
  <node id='-27323' action='modify' visible='true' lat='-37.91384833649' lon='145.13141769976' />
  <node id='-27324' action='modify' visible='true' lat='-37.91397527518' lon='145.13139787889' />
  <node id='-27325' action='modify' visible='true' lat='-37.91435792963' lon='145.13132325915' />
  <node id='-27326' action='modify' visible='true' lat='-37.91443887551' lon='145.13135590529' />
  <node id='-27327' action='modify' visible='true' lat='-37.9144885468' lon='145.13138155582' />
  <node id='-27328' action='modify' visible='true' lat='-37.91455661481' lon='145.1314538437' />
  <node id='-27329' action='modify' visible='true' lat='-37.91345004192' lon='145.13171034906' />
  <node id='-27330' action='modify' visible='true' lat='-37.91459156862' lon='145.13148998763' />
  <node id='-27331' action='modify' visible='true' lat='-37.9146283621' lon='145.1315272975' />
  <node id='-27332' action='modify' visible='true' lat='-37.9146485985' lon='145.13158792604' />
  <node id='-27333' action='modify' visible='true' lat='-37.91465043817' lon='145.13164505678' />
  <node id='-27334' action='modify' visible='true' lat='-37.91462928193' lon='145.13170801719' />
  <node id='-27335' action='modify' visible='true' lat='-37.91458512976' lon='145.13174882486' />
  <node id='-27336' action='modify' visible='true' lat='-37.91452626016' lon='145.13176165013' />
  <node id='-27337' action='modify' visible='true' lat='-37.91384373726' lon='145.13189106874' />
  <node id='-27338' action='modify' visible='true' lat='-37.91355950416' lon='145.13193887201' />
  <node id='-27339' action='modify' visible='true' lat='-37.91350983224' lon='145.13192254894' />
  <node id='-27340' action='modify' visible='true' lat='-37.91348407642' lon='145.13189573247' />
  <node id='-27341' action='modify' visible='true' lat='-37.9134693588' lon='145.13187357974' />
  <node id='-27342' action='modify' visible='true' lat='-37.91346108014' lon='145.13181178527' />
  <node id='-27343' action='modify' visible='true' lat='-37.9133663354' lon='145.13193071048' />
  <node id='-27344' action='modify' visible='true' lat='-37.91349419478' lon='145.13202631702' />
  <node id='-27345' action='modify' visible='true' lat='-37.91000971734' lon='145.13566402939' />
  <node id='-27346' action='modify' visible='true' lat='-37.91322892247' lon='145.13126944509' />
  <node id='-27396' action='modify' visible='true' lat='-37.91533445988' lon='145.1343532645' />
  <node id='-27397' action='modify' visible='true' lat='-37.91528102967' lon='145.13449408047' />
  <node id='-27398' action='modify' visible='true' lat='-37.91519691667' lon='145.1346214854' />
  <way id='-702' action='modify' visible='true'>
    <nd ref='-25511' />
    <nd ref='-25512' />
  </way>
  <way id='-703' action='modify' visible='true'>
    <nd ref='-25513' />
    <nd ref='-25514' />
  </way>
  <way id='-704' action='modify' visible='true'>
    <nd ref='-25516' />
    <nd ref='-25517' />
    <nd ref='-25518' />
    <nd ref='-25519' />
    <nd ref='-25516' />
  </way>
  <way id='-710' action='modify' visible='true'>
    <nd ref='-25523' />
    <nd ref='-25524' />
    <nd ref='-25525' />
    <nd ref='-25526' />
    <nd ref='-25527' />
    <nd ref='-25523' />
  </way>
  <way id='-715' action='modify' visible='true'>
    <nd ref='-25529' />
    <nd ref='-25530' />
    <nd ref='-25531' />
    <nd ref='-25532' />
    <nd ref='-25707' />
    <nd ref='-25533' />
    <nd ref='-25534' />
    <nd ref='-25535' />
    <nd ref='-25536' />
    <nd ref='-25537' />
    <nd ref='-25538' />
    <nd ref='-25539' />
    <nd ref='-25904' />
  </way>
  <way id='-725' action='modify' visible='true'>
    <nd ref='-25540' />
    <nd ref='-25514' />
  </way>
  <way id='-726' action='modify' visible='true'>
    <nd ref='-25541' />
    <nd ref='-25542' />
    <nd ref='-25543' />
    <nd ref='-25544' />
    <nd ref='-25545' />
    <nd ref='-25546' />
    <nd ref='-25548' />
    <nd ref='-25549' />
    <nd ref='-25550' />
    <nd ref='-25551' />
  </way>
  <way id='-736' action='modify' visible='true'>
    <nd ref='-25552' />
    <nd ref='-25553' />
    <nd ref='-25554' />
    <nd ref='-25556' />
    <nd ref='-25552' />
  </way>
  <way id='-767' action='modify' visible='true'>
    <nd ref='-25945' />
    <nd ref='-25582' />
    <nd ref='-25584' />
    <nd ref='-25585' />
    <nd ref='-25586' />
    <nd ref='-25587' />
    <nd ref='-25588' />
    <nd ref='-25589' />
    <nd ref='-25590' />
    <nd ref='-25591' />
    <nd ref='-25592' />
    <nd ref='-25593' />
    <nd ref='-25594' />
    <nd ref='-25595' />
    <nd ref='-25596' />
    <nd ref='-25597' />
    <nd ref='-25598' />
    <nd ref='-25599' />
    <nd ref='-25600' />
    <nd ref='-25601' />
    <nd ref='-25529' />
  </way>
  <way id='-786' action='modify' visible='true'>
    <nd ref='-25551' />
    <nd ref='-25620' />
    <nd ref='-25619' />
    <nd ref='-25602' />
    <nd ref='-25603' />
    <nd ref='-25604' />
    <nd ref='-25605' />
    <nd ref='-25606' />
    <nd ref='-25607' />
    <nd ref='-25608' />
    <nd ref='-25609' />
    <nd ref='-25612' />
    <nd ref='-25613' />
    <nd ref='-25614' />
    <nd ref='-25617' />
    <nd ref='-25618' />
    <nd ref='-25541' />
  </way>
  <way id='-804' action='modify' visible='true'>
    <nd ref='-25621' />
    <nd ref='-25622' />
  </way>
  <way id='-805' action='modify' visible='true'>
    <nd ref='-25623' />
    <nd ref='-25624' />
    <nd ref='-25625' />
    <nd ref='-25626' />
  </way>
  <way id='-808' action='modify' visible='true'>
    <nd ref='-25628' />
    <nd ref='-25629' />
  </way>
  <way id='-861' action='modify' visible='true'>
    <nd ref='-25683' />
    <nd ref='-25684' />
    <nd ref='-25685' />
    <nd ref='-25686' />
    <nd ref='-25687' />
    <nd ref='-25688' />
    <nd ref='-25689' />
    <nd ref='-25690' />
    <nd ref='-25691' />
    <nd ref='-25692' />
    <nd ref='-25693' />
    <nd ref='-25694' />
    <nd ref='-25695' />
    <nd ref='-25696' />
    <nd ref='-25699' />
    <nd ref='-25700' />
    <nd ref='-25701' />
    <nd ref='-25702' />
    <nd ref='-25703' />
    <nd ref='-25704' />
    <nd ref='-25705' />
    <nd ref='-25706' />
    <nd ref='-25943' />
    <nd ref='-25944' />
    <nd ref='-27183' />
    <nd ref='-27184' />
    <nd ref='-27185' />
    <nd ref='-27186' />
    <nd ref='-27187' />
    <nd ref='-27188' />
    <nd ref='-27189' />
    <nd ref='-27190' />
    <nd ref='-27191' />
    <nd ref='-27192' />
    <nd ref='-27193' />
    <nd ref='-25879' />
  </way>
  <way id='-885' action='modify' visible='true'>
    <nd ref='-25707' />
    <nd ref='-25708' />
  </way>
  <way id='-886' action='modify' visible='true'>
    <nd ref='-25683' />
    <nd ref='-25623' />
    <nd ref='-25709' />
    <nd ref='-25513' />
  </way>
  <way id='-895' action='modify' visible='true'>
    <nd ref='-26147' />
    <nd ref='-25718' />
    <nd ref='-25719' />
    <nd ref='-25720' />
    <nd ref='-25721' />
    <nd ref='-25722' />
    <nd ref='-25723' />
    <nd ref='-25724' />
    <nd ref='-25725' />
    <nd ref='-25726' />
    <nd ref='-25727' />
    <nd ref='-25728' />
    <nd ref='-25729' />
    <nd ref='-25730' />
    <nd ref='-25731' />
    <nd ref='-25732' />
    <nd ref='-25733' />
    <nd ref='-25734' />
    <nd ref='-26145' />
  </way>
  <way id='-911' action='modify' visible='true'>
    <nd ref='-26144' />
    <nd ref='-25735' />
    <nd ref='-25736' />
    <nd ref='-25737' />
    <nd ref='-25738' />
    <nd ref='-25739' />
    <nd ref='-25740' />
    <nd ref='-25741' />
    <nd ref='-25742' />
    <nd ref='-25743' />
    <nd ref='-25744' />
    <nd ref='-25745' />
    <nd ref='-25746' />
    <nd ref='-25747' />
    <nd ref='-25748' />
    <nd ref='-25749' />
    <nd ref='-25750' />
    <nd ref='-25751' />
  </way>
  <way id='-928' action='modify' visible='true'>
    <nd ref='-25751' />
    <nd ref='-25754' />
    <nd ref='-25755' />
    <nd ref='-25756' />
    <nd ref='-25757' />
    <nd ref='-25758' />
    <nd ref='-25759' />
    <nd ref='-25760' />
    <nd ref='-25761' />
    <nd ref='-25762' />
    <nd ref='-25763' />
    <nd ref='-25764' />
    <nd ref='-25765' />
    <nd ref='-25766' />
    <nd ref='-25767' />
    <nd ref='-25768' />
    <nd ref='-25769' />
    <nd ref='-25770' />
    <nd ref='-25771' />
    <nd ref='-25772' />
    <nd ref='-25773' />
    <nd ref='-25774' />
    <nd ref='-25775' />
    <nd ref='-25776' />
    <nd ref='-25777' />
    <nd ref='-25778' />
    <nd ref='-25781' />
    <nd ref='-25782' />
    <nd ref='-25783' />
    <nd ref='-25784' />
    <nd ref='-25785' />
    <nd ref='-25786' />
    <nd ref='-25787' />
    <nd ref='-25788' />
    <nd ref='-25789' />
    <nd ref='-25790' />
    <nd ref='-25791' />
    <nd ref='-25792' />
    <nd ref='-25793' />
    <nd ref='-25794' />
    <nd ref='-25795' />
  </way>
  <way id='-967' action='modify' visible='true'>
    <nd ref='-25796' />
    <nd ref='-25797' />
    <nd ref='-25798' />
    <nd ref='-25799' />
    <nd ref='-25800' />
    <nd ref='-25801' />
    <nd ref='-25802' />
    <nd ref='-25803' />
    <nd ref='-25804' />
    <nd ref='-25805' />
    <nd ref='-25806' />
    <nd ref='-25807' />
    <nd ref='-25808' />
    <nd ref='-25809' />
    <nd ref='-25810' />
    <nd ref='-25811' />
    <nd ref='-25812' />
    <nd ref='-25813' />
    <nd ref='-25814' />
    <nd ref='-25796' />
  </way>
  <way id='-985' action='modify' visible='true'>
    <nd ref='-25822' />
    <nd ref='-25966' />
    <nd ref='-25965' />
    <nd ref='-25964' />
    <nd ref='-25963' />
    <nd ref='-25962' />
    <nd ref='-25961' />
    <nd ref='-25960' />
    <nd ref='-25959' />
    <nd ref='-25958' />
    <nd ref='-25957' />
    <nd ref='-25956' />
    <nd ref='-25955' />
    <nd ref='-25954' />
    <nd ref='-25815' />
    <nd ref='-25816' />
    <nd ref='-25817' />
    <nd ref='-25818' />
    <nd ref='-25819' />
    <nd ref='-25820' />
    <nd ref='-25821' />
    <nd ref='-25822' />
  </way>
  <way id='-992' action='modify' visible='true'>
    <nd ref='-25823' />
    <nd ref='-25824' />
    <nd ref='-25825' />
  </way>
  <way id='-994' action='modify' visible='true'>
    <nd ref='-25826' />
    <nd ref='-25827' />
    <nd ref='-25828' />
    <nd ref='-26986' />
    <nd ref='-26987' />
    <nd ref='-26988' />
    <nd ref='-26989' />
    <nd ref='-26990' />
    <nd ref='-25826' />
  </way>
  <way id='-996' action='modify' visible='true'>
    <nd ref='-25825' />
    <nd ref='-26995' />
    <nd ref='-26994' />
    <nd ref='-26993' />
    <nd ref='-26992' />
    <nd ref='-26991' />
    <nd ref='-25829' />
    <nd ref='-25830' />
    <nd ref='-25832' />
    <nd ref='-25833' />
    <nd ref='-25835' />
    <nd ref='-25836' />
    <nd ref='-25837' />
    <nd ref='-25838' />
    <nd ref='-25839' />
    <nd ref='-25840' />
    <nd ref='-25841' />
    <nd ref='-25842' />
    <nd ref='-26727' />
    <nd ref='-25843' />
    <nd ref='-25844' />
    <nd ref='-25845' />
    <nd ref='-25846' />
    <nd ref='-25847' />
    <nd ref='-25848' />
    <nd ref='-25849' />
    <nd ref='-25850' />
    <nd ref='-25851' />
    <nd ref='-25852' />
    <nd ref='-25853' />
    <nd ref='-25854' />
    <nd ref='-25855' />
    <nd ref='-25856' />
    <nd ref='-26744' />
    <nd ref='-26745' />
    <nd ref='-25857' />
    <nd ref='-25858' />
    <nd ref='-25859' />
    <nd ref='-25860' />
    <nd ref='-25861' />
    <nd ref='-25862' />
    <nd ref='-25863' />
    <nd ref='-25864' />
    <nd ref='-25865' />
    <nd ref='-25866' />
    <nd ref='-25867' />
    <nd ref='-25868' />
    <nd ref='-25869' />
    <nd ref='-25870' />
    <nd ref='-25871' />
    <nd ref='-25872' />
    <nd ref='-25873' />
    <nd ref='-25874' />
    <nd ref='-25875' />
    <nd ref='-25876' />
    <nd ref='-25877' />
    <nd ref='-25878' />
  </way>
  <way id='-1045' action='modify' visible='true'>
    <nd ref='-25879' />
    <nd ref='-25880' />
    <nd ref='-25881' />
    <nd ref='-25882' />
    <nd ref='-25883' />
    <nd ref='-25884' />
    <nd ref='-25885' />
    <nd ref='-25886' />
    <nd ref='-25887' />
    <nd ref='-25888' />
    <nd ref='-25889' />
    <nd ref='-25890' />
    <nd ref='-25891' />
    <nd ref='-25892' />
    <nd ref='-25893' />
    <nd ref='-25894' />
    <nd ref='-25896' />
    <nd ref='-25897' />
    <nd ref='-25898' />
    <nd ref='-25899' />
    <nd ref='-25900' />
    <nd ref='-25901' />
    <nd ref='-25902' />
    <nd ref='-25903' />
    <nd ref='-27345' />
    <nd ref='-25540' />
  </way>
  <way id='-1069' action='modify' visible='true'>
    <nd ref='-25904' />
    <nd ref='-25905' />
    <nd ref='-25948' />
  </way>
  <way id='-1070' action='modify' visible='true'>
    <nd ref='-25906' />
    <nd ref='-25907' />
    <nd ref='-25908' />
    <nd ref='-25909' />
    <nd ref='-25910' />
    <nd ref='-25911' />
    <nd ref='-25912' />
    <nd ref='-25913' />
    <nd ref='-25914' />
    <nd ref='-25920' />
    <nd ref='-25921' />
    <nd ref='-25922' />
    <nd ref='-25923' />
    <nd ref='-25924' />
    <nd ref='-25925' />
    <nd ref='-25926' />
    <nd ref='-25927' />
    <nd ref='-25928' />
    <nd ref='-25929' />
    <nd ref='-25930' />
    <nd ref='-25931' />
    <nd ref='-25932' />
    <nd ref='-25933' />
    <nd ref='-25934' />
    <nd ref='-25935' />
    <nd ref='-25936' />
    <nd ref='-25937' />
    <nd ref='-25938' />
    <nd ref='-25939' />
    <nd ref='-25940' />
    <nd ref='-25941' />
    <nd ref='-25942' />
    <nd ref='-25906' />
  </way>
  <way id='-1110' action='modify' visible='true'>
    <nd ref='-25541' />
    <nd ref='-25946' />
    <nd ref='-25947' />
    <nd ref='-25614' />
  </way>
  <way id='-1113' action='modify' visible='true'>
    <nd ref='-25948' />
    <nd ref='-25945' />
  </way>
  <way id='-1115' action='modify' visible='true'>
    <nd ref='-25949' />
    <nd ref='-25950' />
    <nd ref='-25951' />
    <nd ref='-25952' />
    <nd ref='-25953' />
    <nd ref='-25949' />
  </way>
  <way id='-1134' action='modify' visible='true'>
    <nd ref='-25967' />
    <nd ref='-26703' />
    <nd ref='-26704' />
    <nd ref='-25968' />
    <nd ref='-25969' />
    <nd ref='-25970' />
    <nd ref='-25971' />
    <nd ref='-25972' />
    <nd ref='-25973' />
    <nd ref='-25974' />
    <nd ref='-25975' />
    <nd ref='-25976' />
    <nd ref='-25977' />
    <nd ref='-25978' />
    <nd ref='-25823' />
  </way>
  <way id='-1146' action='modify' visible='true'>
    <nd ref='-26393' />
    <nd ref='-25980' />
    <nd ref='-25981' />
    <nd ref='-25982' />
    <nd ref='-25983' />
    <nd ref='-27346' />
    <nd ref='-25984' />
    <nd ref='-25985' />
    <nd ref='-25986' />
    <nd ref='-25987' />
    <nd ref='-25988' />
    <nd ref='-25989' />
    <nd ref='-26396' />
    <nd ref='-26393' />
  </way>
  <way id='-1158' action='modify' visible='true'>
    <nd ref='-25993' />
    <nd ref='-25994' />
    <nd ref='-25995' />
    <nd ref='-25996' />
    <nd ref='-25997' />
    <nd ref='-25998' />
    <nd ref='-25999' />
    <nd ref='-26000' />
    <nd ref='-26001' />
    <nd ref='-26002' />
    <nd ref='-25967' />
  </way>
  <way id='-1169' action='modify' visible='true'>
    <nd ref='-26003' />
    <nd ref='-26004' />
    <nd ref='-26005' />
    <nd ref='-26006' />
    <nd ref='-26007' />
    <nd ref='-26008' />
    <nd ref='-26009' />
    <nd ref='-26010' />
    <nd ref='-26011' />
    <nd ref='-26012' />
    <nd ref='-26013' />
    <nd ref='-26014' />
    <nd ref='-26015' />
    <nd ref='-26016' />
    <nd ref='-26017' />
    <nd ref='-26018' />
    <nd ref='-26019' />
    <nd ref='-26020' />
    <nd ref='-26021' />
    <nd ref='-26022' />
    <nd ref='-26023' />
    <nd ref='-26025' />
    <nd ref='-26026' />
    <nd ref='-26027' />
    <nd ref='-26028' />
    <nd ref='-26029' />
    <nd ref='-26030' />
    <nd ref='-26031' />
    <nd ref='-26032' />
    <nd ref='-26033' />
    <nd ref='-26034' />
    <nd ref='-26035' />
    <nd ref='-26036' />
    <nd ref='-26037' />
    <nd ref='-26038' />
    <nd ref='-26039' />
    <nd ref='-26040' />
    <nd ref='-26041' />
    <nd ref='-26042' />
    <nd ref='-26043' />
    <nd ref='-26044' />
    <nd ref='-26045' />
    <nd ref='-26046' />
    <nd ref='-26047' />
    <nd ref='-26048' />
    <nd ref='-26049' />
    <nd ref='-26050' />
    <nd ref='-26051' />
    <nd ref='-26052' />
    <nd ref='-26053' />
    <nd ref='-26054' />
    <nd ref='-26055' />
    <nd ref='-26056' />
    <nd ref='-26057' />
    <nd ref='-26058' />
    <nd ref='-26059' />
    <nd ref='-26060' />
    <nd ref='-26061' />
    <nd ref='-26062' />
    <nd ref='-26063' />
    <nd ref='-26064' />
    <nd ref='-26065' />
    <nd ref='-26066' />
    <nd ref='-26067' />
    <nd ref='-26068' />
    <nd ref='-26069' />
    <nd ref='-26070' />
    <nd ref='-26071' />
    <nd ref='-26072' />
    <nd ref='-26073' />
    <nd ref='-26074' />
    <nd ref='-26075' />
    <nd ref='-26076' />
    <nd ref='-26077' />
    <nd ref='-26078' />
    <nd ref='-26079' />
    <nd ref='-26080' />
    <nd ref='-26081' />
    <nd ref='-26082' />
    <nd ref='-26083' />
    <nd ref='-26084' />
    <nd ref='-26085' />
    <nd ref='-26086' />
    <nd ref='-26087' />
    <nd ref='-26088' />
    <nd ref='-26089' />
    <nd ref='-26090' />
    <nd ref='-26091' />
    <nd ref='-26092' />
    <nd ref='-26093' />
    <nd ref='-26094' />
  </way>
  <way id='-1260' action='modify' visible='true'>
    <nd ref='-26095' />
    <nd ref='-26096' />
    <nd ref='-26097' />
    <nd ref='-26098' />
    <nd ref='-26099' />
    <nd ref='-26100' />
    <nd ref='-26101' />
    <nd ref='-26102' />
    <nd ref='-26103' />
    <nd ref='-26104' />
    <nd ref='-26105' />
    <nd ref='-26106' />
    <nd ref='-26095' />
  </way>
  <way id='-1278' action='modify' visible='true'>
    <nd ref='-25795' />
    <nd ref='-27344' />
    <nd ref='-27263' />
    <nd ref='-27262' />
    <nd ref='-27261' />
    <nd ref='-27260' />
    <nd ref='-27259' />
    <nd ref='-27258' />
    <nd ref='-27257' />
    <nd ref='-27254' />
    <nd ref='-27253' />
    <nd ref='-27252' />
    <nd ref='-27251' />
    <nd ref='-26113' />
    <nd ref='-26114' />
    <nd ref='-26115' />
    <nd ref='-26116' />
    <nd ref='-26117' />
    <nd ref='-26118' />
    <nd ref='-26119' />
    <nd ref='-26120' />
    <nd ref='-26121' />
    <nd ref='-26122' />
    <nd ref='-26123' />
    <nd ref='-26124' />
    <nd ref='-26125' />
    <nd ref='-26126' />
    <nd ref='-26127' />
    <nd ref='-26128' />
    <nd ref='-26129' />
    <nd ref='-26130' />
    <nd ref='-26131' />
    <nd ref='-26132' />
    <nd ref='-26133' />
    <nd ref='-26134' />
    <nd ref='-26135' />
    <nd ref='-26136' />
    <nd ref='-26137' />
    <nd ref='-26138' />
    <nd ref='-26139' />
    <nd ref='-26140' />
    <nd ref='-26141' />
    <nd ref='-26142' />
    <nd ref='-26143' />
    <nd ref='-26144' />
  </way>
  <way id='-2836' action='modify' visible='true'>
    <nd ref='-26703' />
    <nd ref='-26702' />
    <nd ref='-26701' />
    <nd ref='-26700' />
    <nd ref='-26699' />
    <nd ref='-26698' />
    <nd ref='-26697' />
    <nd ref='-26696' />
    <nd ref='-26695' />
    <nd ref='-26694' />
    <nd ref='-26693' />
    <nd ref='-26692' />
    <nd ref='-26691' />
    <nd ref='-26690' />
    <nd ref='-26689' />
    <nd ref='-26688' />
    <nd ref='-26687' />
    <nd ref='-26686' />
    <nd ref='-26685' />
    <nd ref='-26684' />
    <nd ref='-26682' />
    <nd ref='-26681' />
    <nd ref='-26680' />
    <nd ref='-26679' />
    <nd ref='-26395' />
    <nd ref='-25990' />
    <nd ref='-25991' />
    <nd ref='-25992' />
    <nd ref='-25993' />
  </way>
  <way id='-3155' action='modify' visible='true'>
    <nd ref='-26704' />
    <nd ref='-26705' />
    <nd ref='-26706' />
    <nd ref='-26707' />
    <nd ref='-26708' />
    <nd ref='-26709' />
    <nd ref='-26710' />
    <nd ref='-26711' />
    <nd ref='-26712' />
    <nd ref='-26713' />
    <nd ref='-26714' />
    <nd ref='-26715' />
    <nd ref='-26716' />
    <nd ref='-26717' />
    <nd ref='-26718' />
    <nd ref='-26719' />
    <nd ref='-26720' />
    <nd ref='-26721' />
    <nd ref='-26722' />
    <nd ref='-26723' />
    <nd ref='-26724' />
    <nd ref='-26725' />
    <nd ref='-26726' />
    <nd ref='-26727' />
  </way>
  <way id='-3179' action='modify' visible='true'>
    <nd ref='-26744' />
    <nd ref='-26743' />
    <nd ref='-26742' />
    <nd ref='-26741' />
    <nd ref='-26740' />
    <nd ref='-26739' />
    <nd ref='-26738' />
    <nd ref='-26736' />
    <nd ref='-26734' />
    <nd ref='-26733' />
    <nd ref='-26732' />
    <nd ref='-26731' />
    <nd ref='-26730' />
    <nd ref='-26729' />
    <nd ref='-26728' />
    <nd ref='-25843' />
  </way>
  <way id='-3198' action='modify' visible='true'>
    <nd ref='-26745' />
    <nd ref='-26746' />
    <nd ref='-26747' />
    <nd ref='-26748' />
    <nd ref='-26749' />
    <nd ref='-26750' />
    <nd ref='-26751' />
    <nd ref='-26752' />
    <nd ref='-25878' />
  </way>
  <way id='-3206' action='modify' visible='true'>
    <nd ref='-26753' />
    <nd ref='-26754' />
    <nd ref='-26755' />
    <nd ref='-26756' />
    <nd ref='-26757' />
    <nd ref='-26758' />
    <nd ref='-26759' />
    <nd ref='-26760' />
    <nd ref='-26761' />
    <nd ref='-26762' />
    <nd ref='-26763' />
    <nd ref='-26764' />
    <nd ref='-26765' />
    <nd ref='-26766' />
    <nd ref='-26767' />
    <nd ref='-26753' />
  </way>
  <way id='-3221' action='modify' visible='true'>
    <nd ref='-26768' />
    <nd ref='-26769' />
    <nd ref='-26770' />
    <nd ref='-26771' />
    <nd ref='-26772' />
    <nd ref='-26773' />
    <nd ref='-26774' />
    <nd ref='-26768' />
  </way>
  <way id='-3228' action='modify' visible='true'>
    <nd ref='-26776' />
    <nd ref='-26777' />
    <nd ref='-26778' />
    <nd ref='-26779' />
    <nd ref='-26776' />
  </way>
  <way id='-3232' action='modify' visible='true'>
    <nd ref='-26781' />
    <nd ref='-26782' />
    <nd ref='-26783' />
    <nd ref='-26784' />
    <nd ref='-26781' />
  </way>
  <way id='-3236' action='modify' visible='true'>
    <nd ref='-26786' />
    <nd ref='-26787' />
    <nd ref='-26788' />
    <nd ref='-26789' />
    <nd ref='-26786' />
  </way>
  <way id='-3240' action='modify' visible='true'>
    <nd ref='-26791' />
    <nd ref='-26792' />
    <nd ref='-26793' />
    <nd ref='-26794' />
    <nd ref='-26795' />
    <nd ref='-26796' />
    <nd ref='-26798' />
    <nd ref='-26799' />
    <nd ref='-26800' />
    <nd ref='-26801' />
    <nd ref='-26802' />
    <nd ref='-26803' />
    <nd ref='-26791' />
  </way>
  <way id='-3253' action='modify' visible='true'>
    <nd ref='-26805' />
    <nd ref='-26806' />
    <nd ref='-26807' />
    <nd ref='-26808' />
    <nd ref='-26809' />
    <nd ref='-26810' />
    <nd ref='-26805' />
  </way>
  <way id='-3261' action='modify' visible='true'>
    <nd ref='-26813' />
    <nd ref='-26814' />
    <nd ref='-26815' />
    <nd ref='-26816' />
    <nd ref='-26817' />
    <nd ref='-26818' />
    <nd ref='-26819' />
    <nd ref='-26820' />
    <nd ref='-26821' />
    <nd ref='-26822' />
    <nd ref='-26823' />
    <nd ref='-26824' />
    <nd ref='-26825' />
    <nd ref='-26826' />
    <nd ref='-26827' />
    <nd ref='-26828' />
    <nd ref='-26813' />
  </way>
  <way id='-3281' action='modify' visible='true'>
    <nd ref='-26833' />
    <nd ref='-26834' />
    <nd ref='-26835' />
    <nd ref='-26836' />
    <nd ref='-26837' />
    <nd ref='-26838' />
    <nd ref='-26839' />
    <nd ref='-26840' />
    <nd ref='-26841' />
    <nd ref='-26842' />
    <nd ref='-26843' />
    <nd ref='-26844' />
    <nd ref='-26845' />
    <nd ref='-26846' />
    <nd ref='-26847' />
    <nd ref='-26848' />
    <nd ref='-26849' />
    <nd ref='-26833' />
  </way>
  <way id='-3298' action='modify' visible='true'>
    <nd ref='-26850' />
    <nd ref='-26851' />
    <nd ref='-26852' />
    <nd ref='-26854' />
    <nd ref='-26855' />
    <nd ref='-26856' />
    <nd ref='-26857' />
    <nd ref='-26858' />
    <nd ref='-26859' />
    <nd ref='-26860' />
    <nd ref='-26850' />
  </way>
  <way id='-3311' action='modify' visible='true'>
    <nd ref='-26863' />
    <nd ref='-26864' />
    <nd ref='-26865' />
    <nd ref='-26866' />
    <nd ref='-26867' />
    <nd ref='-26868' />
    <nd ref='-26869' />
    <nd ref='-26870' />
    <nd ref='-26871' />
    <nd ref='-26872' />
    <nd ref='-26873' />
    <nd ref='-26874' />
    <nd ref='-26875' />
    <nd ref='-26876' />
    <nd ref='-26877' />
    <nd ref='-26878' />
    <nd ref='-26879' />
    <nd ref='-26863' />
  </way>
  <way id='-3328' action='modify' visible='true'>
    <nd ref='-26881' />
    <nd ref='-26882' />
    <nd ref='-26883' />
    <nd ref='-26884' />
    <nd ref='-26885' />
    <nd ref='-26886' />
    <nd ref='-26887' />
    <nd ref='-26888' />
    <nd ref='-26889' />
    <nd ref='-26881' />
  </way>
  <way id='-3337' action='modify' visible='true'>
    <nd ref='-26890' />
    <nd ref='-26891' />
    <nd ref='-26892' />
    <nd ref='-26893' />
    <nd ref='-26894' />
    <nd ref='-26890' />
  </way>
  <way id='-3342' action='modify' visible='true'>
    <nd ref='-26895' />
    <nd ref='-26896' />
    <nd ref='-26897' />
    <nd ref='-26898' />
    <nd ref='-26899' />
    <nd ref='-26900' />
    <nd ref='-26901' />
    <nd ref='-26902' />
    <nd ref='-26903' />
    <nd ref='-26904' />
    <nd ref='-26905' />
    <nd ref='-26906' />
    <nd ref='-26907' />
    <nd ref='-26895' />
  </way>
  <way id='-3355' action='modify' visible='true'>
    <nd ref='-26909' />
    <nd ref='-26910' />
    <nd ref='-26911' />
    <nd ref='-26912' />
    <nd ref='-26913' />
    <nd ref='-26914' />
    <nd ref='-26908' />
    <nd ref='-26915' />
    <nd ref='-26916' />
    <nd ref='-26909' />
  </way>
  <way id='-3364' action='modify' visible='true'>
    <nd ref='-26918' />
    <nd ref='-26919' />
    <nd ref='-26921' />
    <nd ref='-26922' />
    <nd ref='-26918' />
  </way>
  <way id='-3369' action='modify' visible='true'>
    <nd ref='-26924' />
    <nd ref='-26925' />
    <nd ref='-26926' />
    <nd ref='-26928' />
    <nd ref='-26929' />
    <nd ref='-26930' />
    <nd ref='-26931' />
    <nd ref='-26932' />
    <nd ref='-26924' />
  </way>
  <way id='-3378' action='modify' visible='true'>
    <nd ref='-26933' />
    <nd ref='-26934' />
    <nd ref='-26935' />
    <nd ref='-26936' />
    <nd ref='-26937' />
    <nd ref='-26938' />
    <nd ref='-26939' />
    <nd ref='-26940' />
    <nd ref='-26933' />
  </way>
  <way id='-3387' action='modify' visible='true'>
    <nd ref='-26942' />
    <nd ref='-26944' />
    <nd ref='-26945' />
    <nd ref='-26946' />
    <nd ref='-26947' />
    <nd ref='-26948' />
    <nd ref='-26949' />
    <nd ref='-26950' />
    <nd ref='-26951' />
    <nd ref='-26952' />
    <nd ref='-26953' />
    <nd ref='-26954' />
    <nd ref='-26955' />
    <nd ref='-26956' />
    <nd ref='-26957' />
    <nd ref='-26958' />
    <nd ref='-26959' />
    <nd ref='-26942' />
  </way>
  <way id='-3404' action='modify' visible='true'>
    <nd ref='-26960' />
    <nd ref='-26961' />
    <nd ref='-26962' />
    <nd ref='-26963' />
    <nd ref='-26964' />
    <nd ref='-26965' />
    <nd ref='-26966' />
    <nd ref='-26967' />
    <nd ref='-26968' />
    <nd ref='-26960' />
  </way>
  <way id='-3413' action='modify' visible='true'>
    <nd ref='-26970' />
    <nd ref='-26971' />
    <nd ref='-26972' />
    <nd ref='-26970' />
  </way>
  <way id='-3416' action='modify' visible='true'>
    <nd ref='-26974' />
    <nd ref='-26975' />
    <nd ref='-26976' />
    <nd ref='-26977' />
    <nd ref='-26978' />
    <nd ref='-26979' />
    <nd ref='-26974' />
  </way>
  <way id='-3422' action='modify' visible='true'>
    <nd ref='-26981' />
    <nd ref='-26982' />
    <nd ref='-26983' />
    <nd ref='-26984' />
    <nd ref='-26985' />
    <nd ref='-26981' />
  </way>
  <way id='-3489' action='modify' visible='true'>
    <nd ref='-26145' />
    <nd ref='-26146' />
    <nd ref='-26147' />
  </way>
  <way id='-3650' action='modify' visible='true'>
    <nd ref='-27194' />
    <nd ref='-27195' />
    <nd ref='-27196' />
    <nd ref='-27197' />
    <nd ref='-27198' />
    <nd ref='-27199' />
    <nd ref='-27200' />
    <nd ref='-27201' />
    <nd ref='-27202' />
    <nd ref='-27203' />
    <nd ref='-27204' />
    <nd ref='-27205' />
    <nd ref='-27206' />
    <nd ref='-27207' />
    <nd ref='-27208' />
    <nd ref='-27209' />
    <nd ref='-27210' />
    <nd ref='-27211' />
    <nd ref='-27194' />
  </way>
  <way id='-3669' action='modify' visible='true'>
    <nd ref='-27212' />
    <nd ref='-27214' />
    <nd ref='-27215' />
    <nd ref='-27216' />
    <nd ref='-27217' />
    <nd ref='-27218' />
    <nd ref='-27219' />
    <nd ref='-27220' />
    <nd ref='-27221' />
    <nd ref='-27222' />
    <nd ref='-27223' />
    <nd ref='-27224' />
    <nd ref='-27225' />
    <nd ref='-27226' />
    <nd ref='-27227' />
    <nd ref='-27228' />
    <nd ref='-27229' />
    <nd ref='-27212' />
  </way>
  <way id='-3686' action='modify' visible='true'>
    <nd ref='-27231' />
    <nd ref='-27232' />
    <nd ref='-27233' />
    <nd ref='-27234' />
    <nd ref='-27235' />
    <nd ref='-27236' />
    <nd ref='-27231' />
  </way>
  <way id='-3692' action='modify' visible='true'>
    <nd ref='-27237' />
    <nd ref='-27238' />
    <nd ref='-27239' />
    <nd ref='-27240' />
    <nd ref='-27241' />
    <nd ref='-27242' />
    <nd ref='-27243' />
    <nd ref='-27244' />
    <nd ref='-27245' />
    <nd ref='-27237' />
  </way>
  <way id='-3701' action='modify' visible='true'>
    <nd ref='-26003' />
    <nd ref='-27343' />
    <nd ref='-27314' />
    <nd ref='-27313' />
    <nd ref='-27312' />
    <nd ref='-27311' />
    <nd ref='-27310' />
    <nd ref='-27309' />
    <nd ref='-27308' />
    <nd ref='-27307' />
    <nd ref='-27306' />
    <nd ref='-27305' />
    <nd ref='-27304' />
    <nd ref='-27303' />
    <nd ref='-27302' />
    <nd ref='-27301' />
    <nd ref='-27300' />
    <nd ref='-27299' />
    <nd ref='-27246' />
    <nd ref='-27247' />
    <nd ref='-27248' />
    <nd ref='-27298' />
    <nd ref='-27249' />
    <nd ref='-27250' />
    <nd ref='-26112' />
    <nd ref='-27396' />
    <nd ref='-27397' />
    <nd ref='-27398' />
  </way>
  <way id='-3770' action='modify' visible='true'>
    <nd ref='-27315' />
    <nd ref='-27316' />
    <nd ref='-27317' />
    <nd ref='-27318' />
    <nd ref='-27319' />
    <nd ref='-27320' />
    <nd ref='-27321' />
    <nd ref='-27322' />
    <nd ref='-27323' />
    <nd ref='-27324' />
    <nd ref='-27325' />
    <nd ref='-27326' />
    <nd ref='-27327' />
    <nd ref='-27328' />
    <nd ref='-27315' />
  </way>
  <way id='-3784' action='modify' visible='true'>
    <nd ref='-27329' />
    <nd ref='-27330' />
    <nd ref='-27331' />
    <nd ref='-27332' />
    <nd ref='-27333' />
    <nd ref='-27334' />
    <nd ref='-27335' />
    <nd ref='-27336' />
    <nd ref='-27337' />
    <nd ref='-27338' />
    <nd ref='-27339' />
    <nd ref='-27340' />
    <nd ref='-27341' />
    <nd ref='-27342' />
    <nd ref='-27329' />
  </way>
  <way id='-3822' action='modify' visible='true'>
    <nd ref='-26107' />
    <nd ref='-26094' />
  </way>
</osm>
